ID,Miles from Granite Reef Dam,mi from 24th st,site number,Location,Date,MIB (ng/L),Chlor-A, ug/cm2,Total Nitrogen,Dissolved Nitrogen,Total Phosphate,Dissolved Phosphate,Geosmin (ng/L)
1,,,"R4","CAP at 7th ST","06/26/01 00:00:00",,,,,,,
2,,,"R18","South Canal at Val Vista WTP","06/26/01 00:00:00",,,,,,,
3,,,"R19","Val Vista WTP treated water","06/26/01 00:00:00",,,,,,,
4,,,"R10","Salt River below Saguaro Lake","06/26/01 00:00:00",,,,,,,
5,,,"R11","CAP Canal at cross-connect","06/26/01 00:00:00",,,,,,,
6,0,,"R12","AZ Canal above CAP cross-connect","06/26/01 00:00:00",,,,,,,
7,0.5,,"R13","AZ Canal below CAP cross-connect","06/26/01 00:00:00",,,,,,,
8,4,,"Hwy 87","87 Hwy","06/26/01 00:00:00",,,,,,,
9,1.2,,"B1","B1","06/26/01 00:00:00",,,,,,,
10,2.4,,"B2","B2","06/26/01 00:00:00",,,,,,,
11,5.2,,"B3","B3","06/26/01 00:00:00",,,,,,,
12,6.4,,"B4","B4","06/26/01 00:00:00",,,,,,,
13,8.460000000000001,,"Mesa","AZ Canal at Mesa Dr.","06/26/01 00:00:00",,,,,,,
14,12.94,,"Pima","AZ Canal at Pima Rd.","06/26/01 00:00:00",,,,,,,
15,16.88,,"Scotts","AZ Canal at Scottsdale Rd.","06/26/01 00:00:00",,,,,,,
16,18.7,,"R22","AZ Canal - 56th St. (Alma School Road)","06/26/01 00:00:00",,,,,,,
17,21.11,,"44th St.","AZ Canal at 44th Street","06/26/01 00:00:00",,,,,,,
18,,,"32nd St.","AZ Canal at 32nd Street","06/26/01 00:00:00",,,,,,,
19,24.06,0,"24th St.","24th St.","06/26/01 00:00:00",10.6,,,,,,2.8
20,,,"R14","AZ Canal - Inlet to Squaw Peak WTP","06/26/01 00:00:00",10.6,,,,,,2.8
21,,,"R15","Squaw Peak WTP treated water","06/26/01 00:00:00",,,,,,,
22,25.76,1.7,"16th St.","AZ Canal at 16th Street","06/26/01 00:00:00",20.6,,,,,,6.6
23,27.06,3,"Northern","AZ Canal at Northern Avenue","06/26/01 00:00:00",27.9,,,,,,8.800000000000001
24,28.16,4.1,"R21","AZ Canal at Central Av.","06/26/01 00:00:00",39.1,,,,,,10.7
25,29.66,5.6,"19th Av.","AZ Canal at 19th Av.","06/26/01 00:00:00",47.3,,,,,,11.3
26,,,"25th Av.","25th Av.","06/26/01 00:00:00",,,,,,,
27,31,7,"29th Av.","29th Av.","06/26/01 00:00:00",70.7,,,,,,15.5
28,,,"R16","AZ Canal - Inlet to Deer Valley WTP","06/26/01 00:00:00",70.7,,,,,,15.5
29,,,"R17","Deer Valley WTP treated water","06/26/01 00:00:00",,,,,,,
30,34.66,10.5,"51st Av.","51st Av.","06/26/01 00:00:00",60.3,,,,,,18.6
31,37,13.2,"67th Av.","67th Av.","06/26/01 00:00:00",42.9,,,,,,16.4
32,,,"Little Harq p.p.","Little Harq p.p.","06/26/01 00:00:00",,,,,,,
33,,,"Havasu p.p.","Havasu p.p.","06/26/01 00:00:00",,,,,,,
34,,,"R4","CAP at 7th ST","07/03/01 00:00:00",,,,,,,
35,,,"R18","South Canal at Val Vista WTP","07/03/01 00:00:00",,,,,,,
36,,,"R19","Val Vista WTP treated water","07/03/01 00:00:00",,,,,,,
37,,,"R10","Salt River below Saguaro Lake","07/03/01 00:00:00",,,,,,,
38,,,"R11","CAP Canal at cross-connect","07/03/01 00:00:00",,,,,,,
39,0,,"R12","AZ Canal above CAP cross-connect","07/03/01 00:00:00",,,,,,,
40,0.5,,"R13","AZ Canal below CAP cross-connect","07/03/01 00:00:00",,,,,,,
41,4,,"Hwy 87","AZ Canal at Highway 87","07/03/01 00:00:00",,,,,,,
42,1.2,,"B1","B1","07/03/01 00:00:00",,,,,,,
43,2.4,,"B2","B2","07/03/01 00:00:00",,,,,,,
44,5.2,,"B3","B3","07/03/01 00:00:00",,,,,,,
45,6.4,,"B4","B4","07/03/01 00:00:00",,,,,,,
46,8.460000000000001,,"Mesa","AZ Canal at Mesa Dr.","07/03/01 00:00:00",,,,,,,
47,12.94,,"Pima","AZ Canal at Pima Rd.","07/03/01 00:00:00",,,,,,,
48,16.88,,"Scotts","AZ Canal at Scottsdale Rd.","07/03/01 00:00:00",,,,,,,
49,18.7,,"R22","AZ Canal - 56th St. (Alma School Road)","07/03/01 00:00:00",,,,,,,
50,21.11,,"44th St.","AZ Canal at 44th Street","07/03/01 00:00:00",,,,,,,
51,,,"32nd St.","AZ Canal at 32nd Street","07/03/01 00:00:00",,,,,,,
52,24.06,0,"24th St.","24th St.","07/03/01 00:00:00",18.7,,,,,,5.9
53,,,"R14","AZ Canal - Inlet to Squaw Peak WTP","07/03/01 00:00:00",18.7,,,,,,5.9
54,,,"R15","Squaw Peak WTP treated water","07/03/01 00:00:00",,,,,,,
55,25.76,1.7,"16th St.","AZ Canal at 16th Street","07/03/01 00:00:00",35.8,,,,,,11.4
56,27.06,3,"Northern","AZ Canal at Northern Avenue","07/03/01 00:00:00",36.4,,,,,,12.2
57,28.16,4.1,"R21","AZ Canal at Central Av.","07/03/01 00:00:00",48,,,,,,14.4
58,29.66,5.6,"19th Av.","AZ Canal at 19th Av.","07/03/01 00:00:00",57.6,,,,,,15.2
59,,,"25th Av.","25th Av.","07/03/01 00:00:00",,,,,,,
60,31,7,"29th Av.","29th Av.","07/03/01 00:00:00",82.3,,,,,,20.1
61,,,"R16","AZ Canal - Inlet to Deer Valley WTP","07/03/01 00:00:00",82.3,,,,,,20.1
62,,,"R17","Deer Valley WTP treated water","07/03/01 00:00:00",,,,,,,
63,34.66,10.5,"51st Av.","51st Av.","07/03/01 00:00:00",87.3,,,,,,23.2
64,37,13.2,"67th Av.","67th Av.","07/03/01 00:00:00",32.6,,,,,,10.5
65,,,"Little Harq p.p.","Little Harq p.p.","07/03/01 00:00:00",,,,,,,
66,,,"Havasu p.p.","Havasu p.p.","07/03/01 00:00:00",,,,,,,
67,,,"R4","CAP at 7th ST","07/10/01 00:00:00",,,,,,,
68,,,"R18","South Canal at Val Vista WTP","07/10/01 00:00:00",,,,,,,
69,,,"R19","Val Vista WTP treated water","07/10/01 00:00:00",,,,,,,
70,,,"R10","Salt River below Saguaro Lake","07/10/01 00:00:00",,,,,,,
71,,,"R11","CAP Canal at cross-connect","07/10/01 00:00:00",,,,,,,
72,0,,"R12","AZ Canal above CAP cross-connect","07/10/01 00:00:00",,,,,,,
73,0.5,,"R13","AZ Canal below CAP cross-connect","07/10/01 00:00:00",,,,,,,
74,4,,"Hwy 87","AZ Canal at Highway 87","07/10/01 00:00:00",,,,,,,
75,1.2,,"B1","B1","07/10/01 00:00:00",,,,,,,
76,2.4,,"B2","B2","07/10/01 00:00:00",,,,,,,
77,5.2,,"B3","B3","07/10/01 00:00:00",,,,,,,
78,6.4,,"B4","B4","07/10/01 00:00:00",,,,,,,
79,8.460000000000001,,"Mesa","AZ Canal at Mesa Dr.","07/10/01 00:00:00",,,,,,,
80,12.94,,"Pima","AZ Canal at Pima Rd.","07/10/01 00:00:00",,,,,,,
81,16.88,,"Scotts","AZ Canal at Scottsdale Rd.","07/10/01 00:00:00",,,,,,,
82,18.7,,"R22","AZ Canal - 56th St. (Alma School Road)","07/10/01 00:00:00",,,,,,,
83,21.11,,"44th St.","AZ Canal at 44th Street","07/10/01 00:00:00",,,,,,,
84,,,"32nd St.","AZ Canal at 32nd Street","07/10/01 00:00:00",,,,,,,
85,24.06,0,"24th St.","24th St.","07/10/01 00:00:00",20.2,,,,,,
86,,,"R14","AZ Canal - Inlet to Squaw Peak WTP","07/10/01 00:00:00",20.2,,,,,,
87,,,"R15","Squaw Peak WTP treated water","07/10/01 00:00:00",,,,,,,
88,25.76,1.7,"16th St.","AZ Canal at 16th Street","07/10/01 00:00:00",33,,,,,,
89,27.06,3,"Northern","AZ Canal at Northern Avenue","07/10/01 00:00:00",35.5,,,,,,
90,28.16,4.1,"R21","AZ Canal at Central Av.","07/10/01 00:00:00",41,,,,,,
91,29.66,5.6,"19th Av.","AZ Canal at 19th Av.","07/10/01 00:00:00",39.9,,,,,,
92,,,"25th Av.","25th Av.","07/10/01 00:00:00",,,,,,,
93,31,7,"29th Av.","29th Av.","07/10/01 00:00:00",43.8,,,,,,
94,,,"R16","AZ Canal - Inlet to Deer Valley WTP","07/10/01 00:00:00",43.8,,,,,,
95,,,"R17","Deer Valley WTP treated water","07/10/01 00:00:00",,,,,,,
96,34.66,10.5,"51st Av.","51st Av.","07/10/01 00:00:00",42.3,,,,,,
97,37,13.2,"67th Av.","67th Av.","07/10/01 00:00:00",,,,,,,
98,,,"Little Harq p.p.","Little Harq p.p.","07/10/01 00:00:00",,,,,,,
99,,,"Havasu p.p.","Havasu p.p.","07/10/01 00:00:00",,,,,,,
100,,,"R4","CAP at 7th ST","07/11/01 00:00:00",,,,,,,
101,,,"R18","South Canal at Val Vista WTP","07/11/01 00:00:00",,,,,,,
102,,,"R19","Val Vista WTP treated water","07/11/01 00:00:00",,,,,,,
103,,,"R10","Salt River below Saguaro Lake","07/11/01 00:00:00",,,,,,,
104,,,"R11","CAP Canal at cross-connect","07/11/01 00:00:00",,,,,,,
105,0,,"R12","AZ Canal above CAP cross-connect","07/11/01 00:00:00",,,,,,,
106,0.5,,"R13","AZ Canal below CAP cross-connect","07/11/01 00:00:00",,,,,,,
107,4,,"Hwy 87","AZ Canal at Highway 87","07/11/01 00:00:00",,,,,,,
108,1.2,,"B1","B1","07/11/01 00:00:00",,,,,,,
109,2.4,,"B2","B2","07/11/01 00:00:00",,,,,,,
110,5.2,,"B3","B3","07/11/01 00:00:00",,,,,,,
111,6.4,,"B4","B4","07/11/01 00:00:00",,,,,,,
112,8.460000000000001,,"Mesa","AZ Canal at Mesa Dr.","07/11/01 00:00:00",,,,,,,
113,12.94,,"Pima","AZ Canal at Pima Rd.","07/11/01 00:00:00",,,,,,,
114,16.88,,"Scotts","AZ Canal at Scottsdale Rd.","07/11/01 00:00:00",,,,,,,
115,18.7,,"R22","AZ Canal - 56th St. (Alma School Road)","07/11/01 00:00:00",,,,,,,
116,21.11,,"44th St.","AZ Canal at 44th Street","07/11/01 00:00:00",,,,,,,
117,,,"32nd St.","AZ Canal at 32nd Street","07/11/01 00:00:00",,,,,,,
118,24.06,0,"24th St.","24th St.","07/11/01 00:00:00",20.8,,,,,,
119,,,"R14","AZ Canal - Inlet to Squaw Peak WTP","07/11/01 00:00:00",20.8,,,,,,
120,,,"R15","Squaw Peak WTP treated water","07/11/01 00:00:00",,,,,,,
121,25.76,1.7,"16th St.","AZ Canal at 16th Street","07/11/01 00:00:00",33.7,,,,,,
122,27.06,3,"Northern","AZ Canal at Northern Avenue","07/11/01 00:00:00",35.4,,,,,,
123,28.16,4.1,"R21","AZ Canal at Central Av.","07/11/01 00:00:00",43.3,,,,,,
124,29.66,5.6,"19th Av.","AZ Canal at 19th Av.","07/11/01 00:00:00",36.9,,,,,,
125,,,"25th Av.","25th Av.","07/11/01 00:00:00",,,,,,,
126,31,7,"29th Av.","29th Av.","07/11/01 00:00:00",41.2,,,,,,
127,,,"R16","AZ Canal - Inlet to Deer Valley WTP","07/11/01 00:00:00",41.2,,,,,,
128,,,"R17","Deer Valley WTP treated water","07/11/01 00:00:00",,,,,,,
129,34.66,10.5,"51st Av.","51st Av.","07/11/01 00:00:00",43.5,,,,,,
130,37,13.2,"67th Av.","67th Av.","07/11/01 00:00:00",,,,,,,
131,,,"Little Harq p.p.","Little Harq p.p.","07/11/01 00:00:00",,,,,,,
132,,,"Havasu p.p.","Havasu p.p.","07/11/01 00:00:00",,,,,,,
133,,,"R4","CAP at 7th ST","07/14/01 00:00:00",,,,,,,
134,,,"R18","South Canal at Val Vista WTP","07/14/01 00:00:00",,,,,,,
135,,,"R19","Val Vista WTP treated water","07/14/01 00:00:00",,,,,,,
136,,,"R10","Salt River below Saguaro Lake","07/14/01 00:00:00",,,,,,,
137,,,"R11","CAP Canal at cross-connect","07/14/01 00:00:00",,,,,,,
138,0,,"R12","AZ Canal above CAP cross-connect","07/14/01 00:00:00",,,,,,,
139,0.5,,"R13","AZ Canal below CAP cross-connect","07/14/01 00:00:00",,,,,,,
140,4,,"Hwy 87","AZ Canal at Highway 87","07/14/01 00:00:00",,,,,,,
141,1.2,,"B1","B1","07/14/01 00:00:00",,,,,,,
142,2.4,,"B2","B2","07/14/01 00:00:00",,,,,,,
143,5.2,,"B3","B3","07/14/01 00:00:00",,,,,,,
144,6.4,,"B4","B4","07/14/01 00:00:00",,,,,,,
145,8.460000000000001,,"Mesa","AZ Canal at Mesa Dr.","07/14/01 00:00:00",,,,,,,
146,12.94,,"Pima","AZ Canal at Pima Rd.","07/14/01 00:00:00",,,,,,,
147,16.88,,"Scotts","AZ Canal at Scottsdale Rd.","07/14/01 00:00:00",,,,,,,
148,18.7,,"R22","AZ Canal - 56th St. (Alma School Road)","07/14/01 00:00:00",,,,,,,
149,21.11,,"44th St.","AZ Canal at 44th Street","07/14/01 00:00:00",,,,,,,
150,,,"32nd St.","AZ Canal at 32nd Street","07/14/01 00:00:00",,,,,,,
151,24.06,0,"24th St.","24th St.","07/14/01 00:00:00",18.8,,,,,,
152,,,"R14","AZ Canal - Inlet to Squaw Peak WTP","07/14/01 00:00:00",18.8,,,,,,
153,,,"R15","Squaw Peak WTP treated water","07/14/01 00:00:00",,,,,,,
154,25.76,1.7,"16th St.","AZ Canal at 16th Street","07/14/01 00:00:00",24.2,,,,,,
155,27.06,3,"Northern","AZ Canal at Northern Avenue","07/14/01 00:00:00",25.6,,,,,,
156,28.16,4.1,"R21","AZ Canal at Central Av.","07/14/01 00:00:00",27,,,,,,
157,29.66,5.6,"19th Av.","AZ Canal at 19th Av.","07/14/01 00:00:00",29.1,,,,,,
158,,,"25th Av.","25th Av.","07/14/01 00:00:00",,,,,,,
159,31,7,"29th Av.","29th Av.","07/14/01 00:00:00",33.7,,,,,,
160,,,"R16","AZ Canal - Inlet to Deer Valley WTP","07/14/01 00:00:00",33.7,,,,,,
161,,,"R17","Deer Valley WTP treated water","07/14/01 00:00:00",,,,,,,
162,34.66,10.5,"51st Av.","51st Av.","07/14/01 00:00:00",34.2,,,,,,
163,37,13.2,"67th Av.","67th Av.","07/14/01 00:00:00",,,,,,,
164,,,"Little Harq p.p.","Little Harq p.p.","07/14/01 00:00:00",,,,,,,
165,,,"Havasu p.p.","Havasu p.p.","07/14/01 00:00:00",,,,,,,
166,,,"R4","CAP at 7th ST","07/18/01 00:00:00",,,,,,,
167,,,"R18","South Canal at Val Vista WTP","07/18/01 00:00:00",,,,,,,
168,,,"R19","Val Vista WTP treated water","07/18/01 00:00:00",,,,,,,
169,,,"R10","Salt River below Saguaro Lake","07/18/01 00:00:00",,,,,,,
170,,,"R11","CAP Canal at cross-connect","07/18/01 00:00:00",,,,,,,
171,0,,"R12","AZ Canal above CAP cross-connect","07/18/01 00:00:00",,,,,,,
172,0.5,,"R13","AZ Canal below CAP cross-connect","07/18/01 00:00:00",,,,,,,
173,4,,"Hwy 87","AZ Canal at Highway 87","07/18/01 00:00:00",,,,,,,
174,1.2,,"B1","B1","07/18/01 00:00:00",,,,,,,
175,2.4,,"B2","B2","07/18/01 00:00:00",,,,,,,
176,5.2,,"B3","B3","07/18/01 00:00:00",,,,,,,
177,6.4,,"B4","B4","07/18/01 00:00:00",,,,,,,
178,8.460000000000001,,"Mesa","AZ Canal at Mesa Dr.","07/18/01 00:00:00",,,,,,,
179,12.94,,"Pima","AZ Canal at Pima Rd.","07/18/01 00:00:00",,,,,,,
180,16.88,,"Scotts","AZ Canal at Scottsdale Rd.","07/18/01 00:00:00",,,,,,,
181,18.7,,"R22","AZ Canal - 56th St. (Alma School Road)","07/18/01 00:00:00",,,,,,,
182,21.11,,"44th St.","AZ Canal at 44th Street","07/18/01 00:00:00",,,,,,,
183,,,"32nd St.","AZ Canal at 32nd Street","07/18/01 00:00:00",,,,,,,
184,24.06,0,"24th St.","24th St.","07/18/01 00:00:00",22.8,,,,,,
185,,,"R14","AZ Canal - Inlet to Squaw Peak WTP","07/18/01 00:00:00",22.8,,,,,,
186,,,"R15","Squaw Peak WTP treated water","07/18/01 00:00:00",,,,,,,
187,25.76,1.7,"16th St.","AZ Canal at 16th Street","07/18/01 00:00:00",29.1,,,,,,
188,27.06,3,"Northern","AZ Canal at Northern Avenue","07/18/01 00:00:00",27.5,,,,,,
189,28.16,4.1,"R21","AZ Canal at Central Av.","07/18/01 00:00:00",31.7,,,,,,
190,29.66,5.6,"19th Av.","AZ Canal at 19th Av.","07/18/01 00:00:00",34.6,,,,,,
191,,,"25th Av.","25th Av.","07/18/01 00:00:00",,,,,,,
192,31,7,"29th Av.","29th Av.","07/18/01 00:00:00",37.2,,,,,,
193,,,"R16","AZ Canal - Inlet to Deer Valley WTP","07/18/01 00:00:00",37.2,,,,,,
194,,,"R17","Deer Valley WTP treated water","07/18/01 00:00:00",,,,,,,
195,34.66,10.5,"51st Av.","51st Av.","07/18/01 00:00:00",32.7,,,,,,
196,37,13.2,"67th Av.","67th Av.","07/18/01 00:00:00",,,,,,,
197,,,"Little Harq p.p.","Little Harq p.p.","07/18/01 00:00:00",,,,,,,
198,,,"Havasu p.p.","Havasu p.p.","07/18/01 00:00:00",,,,,,,
199,,,"R4","CAP at 7th ST","07/25/01 00:00:00",,,,,,,
200,,,"R18","South Canal at Val Vista WTP","07/25/01 00:00:00",,,,,,,
201,,,"R19","Val Vista WTP treated water","07/25/01 00:00:00",,,,,,,
202,,,"R10","Salt River below Saguaro Lake","07/25/01 00:00:00",,,,,,,
203,,,"R11","CAP Canal at cross-connect","07/25/01 00:00:00",,,,,,,
204,0,,"R12","AZ Canal above CAP cross-connect","07/25/01 00:00:00",,,,,,,
205,0.5,,"R13","AZ Canal below CAP cross-connect","07/25/01 00:00:00",,,,,,,
206,4,,"Hwy 87","AZ Canal at Highway 87","07/25/01 00:00:00",,,,,,,
207,1.2,,"B1","B1","07/25/01 00:00:00",,,,,,,
208,2.4,,"B2","B2","07/25/01 00:00:00",,,,,,,
209,5.2,,"B3","B3","07/25/01 00:00:00",,,,,,,
210,6.4,,"B4","B4","07/25/01 00:00:00",,,,,,,
211,8.460000000000001,,"Mesa","AZ Canal at Mesa Dr.","07/25/01 00:00:00",,,,,,,
212,12.94,,"Pima","AZ Canal at Pima Rd.","07/25/01 00:00:00",,,,,,,
213,16.88,,"Scotts","AZ Canal at Scottsdale Rd.","07/25/01 00:00:00",,,,,,,
214,18.7,,"R22","AZ Canal - 56th St. (Alma School Road)","07/25/01 00:00:00",,,,,,,
215,21.11,,"44th St.","AZ Canal at 44th Street","07/25/01 00:00:00",,,,,,,
216,,,"32nd St.","AZ Canal at 32nd Street","07/25/01 00:00:00",,,,,,,
217,24.06,0,"24th St.","24th St.","07/25/01 00:00:00",22.9,,,,,,
218,,,"R14","AZ Canal - Inlet to Squaw Peak WTP","07/25/01 00:00:00",22.9,,,,,,
219,,,"R15","Squaw Peak WTP treated water","07/25/01 00:00:00",,,,,,,
220,25.76,1.7,"16th St.","AZ Canal at 16th Street","07/25/01 00:00:00",31.1,,,,,,
221,27.06,3,"Northern","AZ Canal at Northern Avenue","07/25/01 00:00:00",28.4,,,,,,
222,28.16,4.1,"R21","AZ Canal at Central Av.","07/25/01 00:00:00",34.1,,,,,,
223,29.66,5.6,"19th Av.","AZ Canal at 19th Av.","07/25/01 00:00:00",32.2,,,,,,
224,,,"25th Av.","25th Av.","07/25/01 00:00:00",,,,,,,
225,31,7,"29th Av.","29th Av.","07/25/01 00:00:00",39.6,,,,,,
226,,,"R16","AZ Canal - Inlet to Deer Valley WTP","07/25/01 00:00:00",39.6,,,,,,
227,,,"R17","Deer Valley WTP treated water","07/25/01 00:00:00",,,,,,,
228,34.66,10.5,"51st Av.","51st Av.","07/25/01 00:00:00",36,,,,,,
229,37,13.2,"67th Av.","67th Av.","07/25/01 00:00:00",,,,,,,
230,,,"Little Harq p.p.","Little Harq p.p.","07/25/01 00:00:00",,,,,,,
231,,,"Havasu p.p.","Havasu p.p.","07/25/01 00:00:00",,,,,,,
232,,,"R4","CAP at 7th ST","07/30/01 00:00:00",,,,,,,
233,,,"R18","South Canal at Val Vista WTP","07/30/01 00:00:00",,,,,,,
234,,,"R19","Val Vista WTP treated water","07/30/01 00:00:00",,,,,,,
235,,,"R10","Salt River below Saguaro Lake","07/30/01 00:00:00",,,,,,,
236,,,"R11","CAP Canal at cross-connect","07/30/01 00:00:00",,,,,,,
237,0,,"R12","AZ Canal above CAP cross-connect","07/30/01 00:00:00",,,,,,,
238,0.5,,"R13","AZ Canal below CAP cross-connect","07/30/01 00:00:00",,,,,,,
239,4,,"Hwy 87","AZ Canal at Highway 87","07/30/01 00:00:00",,,,,,,
240,1.2,,"B1","B1","07/30/01 00:00:00",,,,,,,
241,2.4,,"B2","B2","07/30/01 00:00:00",,,,,,,
242,5.2,,"B3","B3","07/30/01 00:00:00",,,,,,,
243,6.4,,"B4","B4","07/30/01 00:00:00",,,,,,,
244,8.460000000000001,,"Mesa","AZ Canal at Mesa Dr.","07/30/01 00:00:00",,,,,,,
245,12.94,,"Pima","AZ Canal at Pima Rd.","07/30/01 00:00:00",,,,,,,
246,16.88,,"Scotts","AZ Canal at Scottsdale Rd.","07/30/01 00:00:00",,,,,,,
247,18.7,,"R22","AZ Canal - 56th St. (Alma School Road)","07/30/01 00:00:00",,,,,,,
248,21.11,,"44th St.","AZ Canal at 44th Street","07/30/01 00:00:00",,,,,,,
249,,,"32nd St.","AZ Canal at 32nd Street","07/30/01 00:00:00",,,,,,,
250,24.06,0,"24th St.","24th St.","07/30/01 00:00:00",25.7,,,,,,
251,,,"R14","AZ Canal - Inlet to Squaw Peak WTP","07/30/01 00:00:00",25.7,,,,,,
252,,,"R15","Squaw Peak WTP treated water","07/30/01 00:00:00",,,,,,,
253,25.76,1.7,"16th St.","AZ Canal at 16th Street","07/30/01 00:00:00",29.9,,,,,,
254,27.06,3,"Northern","AZ Canal at Northern Avenue","07/30/01 00:00:00",27.2,,,,,,
255,28.16,4.1,"R21","AZ Canal at Central Av.","07/30/01 00:00:00",33.7,,,,,,
256,29.66,5.6,"19th Av.","AZ Canal at 19th Av.","07/30/01 00:00:00",34,,,,,,
257,,,"25th Av.","25th Av.","07/30/01 00:00:00",,,,,,,
258,31,7,"29th Av.","29th Av.","07/30/01 00:00:00",35.5,,,,,,
259,,,"R16","AZ Canal - Inlet to Deer Valley WTP","07/30/01 00:00:00",35.5,,,,,,
260,,,"R17","Deer Valley WTP treated water","07/30/01 00:00:00",,,,,,,
261,34.66,10.5,"51st Av.","51st Av.","07/30/01 00:00:00",28.6,,,,,,
262,37,13.2,"67th Av.","67th Av.","07/30/01 00:00:00",,,,,,,
263,,,"Little Harq p.p.","Little Harq p.p.","07/30/01 00:00:00",,,,,,,
264,,,"Havasu p.p.","Havasu p.p.","07/30/01 00:00:00",,,,,,,
265,,,"R4","CAP at 7th ST","08/01/01 00:00:00",2.1,,,,,,2.5
266,,,"R18","South Canal at Val Vista WTP","08/01/01 00:00:00",0,,,,,,0
267,,,"R19","Val Vista WTP treated water","08/01/01 00:00:00",7.8,,,,,,3.6
268,,,"R10","Salt River below Saguaro Lake","08/01/01 00:00:00",,,,,,,
269,,,"R11","CAP Canal at cross-connect","08/01/01 00:00:00",0,,,,,,2
270,0,,"R12","AZ Canal above CAP cross-connect","08/01/01 00:00:00",9.699999999999999,,,,,,3.6
271,0.5,,"R13","AZ Canal below CAP cross-connect","08/01/01 00:00:00",8.199999999999999,,,,,,3.9
272,4,,"Hwy 87","AZ Canal at Highway 87","08/01/01 00:00:00",,,,,,,
273,1.2,,"B1","B1","08/01/01 00:00:00",,,,,,,
274,2.4,,"B2","B2","08/01/01 00:00:00",,,,,,,
275,5.2,,"B3","B3","08/01/01 00:00:00",,,,,,,
276,6.4,,"B4","B4","08/01/01 00:00:00",,,,,,,
277,8.460000000000001,,"Mesa","AZ Canal at Mesa Dr.","08/01/01 00:00:00",,,,,,,
278,12.94,,"Pima","AZ Canal at Pima Rd.","08/01/01 00:00:00",,,,,,,
279,16.88,,"Scotts","AZ Canal at Scottsdale Rd.","08/01/01 00:00:00",,,,,,,
280,18.7,,"R22","AZ Canal - 56th St. (Alma School Road)","08/01/01 00:00:00",,,,,,,
281,21.11,,"44th St.","AZ Canal at 44th Street","08/01/01 00:00:00",,,,,,,
282,,,"32nd St.","AZ Canal at 32nd Street","08/01/01 00:00:00",,,,,,,
283,24.06,0,"24th St.","24th St.","08/01/01 00:00:00",25.1,,,,,,11.4
284,,,"R14","AZ Canal - Inlet to Squaw Peak WTP","08/01/01 00:00:00",25.1,,,,,,11.4
285,,,"R15","Squaw Peak WTP treated water","08/01/01 00:00:00",22.3,,,,,,9.9
286,25.76,1.7,"16th St.","AZ Canal at 16th Street","08/01/01 00:00:00",,,,,,,
287,27.06,3,"Northern","AZ Canal at Northern Avenue","08/01/01 00:00:00",,,,,,,
288,28.16,4.1,"R21","AZ Canal at Central Av.","08/01/01 00:00:00",,,,,,,
289,29.66,5.6,"19th Av.","AZ Canal at 19th Av.","08/01/01 00:00:00",,,,,,,
290,,,"25th Av.","25th Av.","08/01/01 00:00:00",,,,,,,
291,31,7,"29th Av.","29th Av.","08/01/01 00:00:00",28.8,,,,,,11.2
292,,,"R16","AZ Canal - Inlet to Deer Valley WTP","08/01/01 00:00:00",28.8,,,,,,11.2
293,,,"R17","Deer Valley WTP treated water","08/01/01 00:00:00",17.3,,,,,,4.1
294,34.66,10.5,"51st Av.","51st Av.","08/01/01 00:00:00",,,,,,,
295,37,13.2,"67th Av.","67th Av.","08/01/01 00:00:00",,,,,,,
296,,,"Little Harq p.p.","Little Harq p.p.","08/01/01 00:00:00",,,,,,,
297,,,"Havasu p.p.","Havasu p.p.","08/01/01 00:00:00",,,,,,,
298,,,"R4","CAP at 7th ST","08/03/01 00:00:00",,,,,,,
299,,,"R18","South Canal at Val Vista WTP","08/03/01 00:00:00",,,,,,,
300,,,"R19","Val Vista WTP treated water","08/03/01 00:00:00",,,,,,,
301,,,"R10","Salt River below Saguaro Lake","08/03/01 00:00:00",,,,,,,
302,,,"R11","CAP Canal at cross-connect","08/03/01 00:00:00",,,,,,,
303,0,,"R12","AZ Canal above CAP cross-connect","08/03/01 00:00:00",,,,,,,
304,0.5,,"R13","AZ Canal below CAP cross-connect","08/03/01 00:00:00",,,,,,,
305,4,,"Hwy 87","AZ Canal at Highway 87","08/03/01 00:00:00",,,,,,,
306,1.2,,"B1","B1","08/03/01 00:00:00",,,,,,,
307,2.4,,"B2","B2","08/03/01 00:00:00",,,,,,,
308,5.2,,"B3","B3","08/03/01 00:00:00",,,,,,,
309,6.4,,"B4","B4","08/03/01 00:00:00",,,,,,,
310,8.460000000000001,,"Mesa","AZ Canal at Mesa Dr.","08/03/01 00:00:00",,,,,,,
311,12.94,,"Pima","AZ Canal at Pima Rd.","08/03/01 00:00:00",,,,,,,
312,16.88,,"Scotts","AZ Canal at Scottsdale Rd.","08/03/01 00:00:00",,,,,,,
313,18.7,,"R22","AZ Canal - 56th St. (Alma School Road)","08/03/01 00:00:00",,,,,,,
314,21.11,,"44th St.","AZ Canal at 44th Street","08/03/01 00:00:00",,,,,,,
315,,,"32nd St.","AZ Canal at 32nd Street","08/03/01 00:00:00",,,,,,,
316,24.06,0,"24th St.","24th St.","08/03/01 00:00:00",19.2,,,,,,
317,,,"R14","AZ Canal - Inlet to Squaw Peak WTP","08/03/01 00:00:00",19.2,,,,,,
318,,,"R15","Squaw Peak WTP treated water","08/03/01 00:00:00",,,,,,,
319,25.76,1.7,"16th St.","AZ Canal at 16th Street","08/03/01 00:00:00",24.6,,,,,,
320,27.06,3,"Northern","AZ Canal at Northern Avenue","08/03/01 00:00:00",26.9,,,,,,
321,28.16,4.1,"R21","AZ Canal at Central Av.","08/03/01 00:00:00",31.7,,,,,,
322,29.66,5.6,"19th Av.","AZ Canal at 19th Av.","08/03/01 00:00:00",28,,,,,,
323,,,"25th Av.","25th Av.","08/03/01 00:00:00",,,,,,,
324,31,7,"29th Av.","29th Av.","08/03/01 00:00:00",33.6,,,,,,
325,,,"R16","AZ Canal - Inlet to Deer Valley WTP","08/03/01 00:00:00",33.6,,,,,,
326,,,"R17","Deer Valley WTP treated water","08/03/01 00:00:00",,,,,,,
327,34.66,10.5,"51st Av.","51st Av.","08/03/01 00:00:00",23,,,,,,
328,37,13.2,"67th Av.","67th Av.","08/03/01 00:00:00",,,,,,,
329,,,"Little Harq p.p.","Little Harq p.p.","08/03/01 00:00:00",,,,,,,
330,,,"Havasu p.p.","Havasu p.p.","08/03/01 00:00:00",,,,,,,
331,,,"R4","CAP at 7th ST","08/09/01 00:00:00",2.1,,,,,,2.9
332,,,"R18","South Canal at Val Vista WTP","08/09/01 00:00:00",11.2,,,,,,4.8
333,,,"R19","Val Vista WTP treated water","08/09/01 00:00:00",12.1,,,,,,4.7
334,,,"R10","Salt River below Saguaro Lake","08/09/01 00:00:00",,,,,,,
335,,,"R11","CAP Canal at cross-connect","08/09/01 00:00:00",1.5,,,,,,2.6
336,0,,"R12","AZ Canal above CAP cross-connect","08/09/01 00:00:00",13,,,,,,3.9
337,0.5,,"R13","AZ Canal below CAP cross-connect","08/09/01 00:00:00",10.3,,,,,,2.9
338,4,,"Hwy 87","AZ Canal at Highway 87","08/09/01 00:00:00",,,,,,,
339,1.2,,"B1","B1","08/09/01 00:00:00",,,,,,,
340,2.4,,"B2","B2","08/09/01 00:00:00",,,,,,,
341,5.2,,"B3","B3","08/09/01 00:00:00",,,,,,,
342,6.4,,"B4","B4","08/09/01 00:00:00",,,,,,,
343,8.460000000000001,,"Mesa","AZ Canal at Mesa Dr.","08/09/01 00:00:00",,,,,,,
344,12.94,,"Pima","AZ Canal at Pima Rd.","08/09/01 00:00:00",,,,,,,
345,16.88,,"Scotts","AZ Canal at Scottsdale Rd.","08/09/01 00:00:00",,,,,,,
346,18.7,,"R22","AZ Canal - 56th St. (Alma School Road)","08/09/01 00:00:00",,,,,,,
347,21.11,,"44th St.","AZ Canal at 44th Street","08/09/01 00:00:00",,,,,,,
348,,,"32nd St.","AZ Canal at 32nd Street","08/09/01 00:00:00",,,,,,,
349,24.06,0,"24th St.","24th St.","08/09/01 00:00:00",21.7,,,,,,7
350,,,"R14","AZ Canal - Inlet to Squaw Peak WTP","08/09/01 00:00:00",21.7,,,,,,7
351,,,"R15","Squaw Peak WTP treated water","08/09/01 00:00:00",23.3,,,,,,6.9
352,25.76,1.7,"16th St.","AZ Canal at 16th Street","08/09/01 00:00:00",22.5,,,,,,
353,27.06,3,"Northern","AZ Canal at Northern Avenue","08/09/01 00:00:00",22.2,,,,,,
354,28.16,4.1,"R21","AZ Canal at Central Av.","08/09/01 00:00:00",20.8,,,,,,
355,29.66,5.6,"19th Av.","AZ Canal at 19th Av.","08/09/01 00:00:00",23.8,,,,,,
356,,,"25th Av.","25th Av.","08/09/01 00:00:00",,,,,,,
357,31,7,"29th Av.","29th Av.","08/09/01 00:00:00",24.4,,,,,,7
358,,,"R16","AZ Canal - Inlet to Deer Valley WTP","08/09/01 00:00:00",24.4,,,,,,7
359,,,"R17","Deer Valley WTP treated water","08/09/01 00:00:00",15.7,,,,,,2.7
360,34.66,10.5,"51st Av.","51st Av.","08/09/01 00:00:00",19.1,,,,,,
361,37,13.2,"67th Av.","67th Av.","08/09/01 00:00:00",,,,,,,
362,,,"Little Harq p.p.","Little Harq p.p.","08/09/01 00:00:00",,,,,,,
363,,,"Havasu p.p.","Havasu p.p.","08/09/01 00:00:00",,,,,,,
364,,,"R4","CAP at 7th ST","08/16/01 00:00:00",2.2,,,,,,2.6
365,,,"R18","South Canal at Val Vista WTP","08/16/01 00:00:00",10.1,,,,,,3.7
366,,,"R19","Val Vista WTP treated water","08/16/01 00:00:00",13.5,,,,,,5.9
367,,,"R10","Salt River below Saguaro Lake","08/16/01 00:00:00",,,,,,,
368,,,"R11","CAP Canal at cross-connect","08/16/01 00:00:00",0,,,,,,0
369,0,,"R12","AZ Canal above CAP cross-connect","08/16/01 00:00:00",13.5,,,,,,2.4
370,0.5,,"R13","AZ Canal below CAP cross-connect","08/16/01 00:00:00",10.1,,,,,,2.7
371,4,,"Hwy 87","AZ Canal at Highway 87","08/16/01 00:00:00",,,,,,,
372,1.2,,"B1","B1","08/16/01 00:00:00",,,,,,,
373,2.4,,"B2","B2","08/16/01 00:00:00",,,,,,,
374,5.2,,"B3","B3","08/16/01 00:00:00",,,,,,,
375,6.4,,"B4","B4","08/16/01 00:00:00",,,,,,,
376,8.460000000000001,,"Mesa","AZ Canal at Mesa Dr.","08/16/01 00:00:00",,,,,,,
377,12.94,,"Pima","AZ Canal at Pima Rd.","08/16/01 00:00:00",,,,,,,
378,16.88,,"Scotts","AZ Canal at Scottsdale Rd.","08/16/01 00:00:00",,,,,,,
379,18.7,,"R22","AZ Canal - 56th St. (Alma School Road)","08/16/01 00:00:00",,,,,,,
380,21.11,,"44th St.","AZ Canal at 44th Street","08/16/01 00:00:00",,,,,,,
381,,,"32nd St.","AZ Canal at 32nd Street","08/16/01 00:00:00",,,,,,,
382,24.06,0,"24th St.","24th St.","08/16/01 00:00:00",20.6,,,,,,6.3
383,,,"R14","AZ Canal - Inlet to Squaw Peak WTP","08/16/01 00:00:00",20.6,,,,,,6.3
384,,,"R15","Squaw Peak WTP treated water","08/16/01 00:00:00",15.9,,,,,,2.4
385,25.76,1.7,"16th St.","AZ Canal at 16th Street","08/16/01 00:00:00",,,,,,,
386,27.06,3,"Northern","AZ Canal at Northern Avenue","08/16/01 00:00:00",,,,,,,
387,28.16,4.1,"R21","AZ Canal at Central Av.","08/16/01 00:00:00",,,,,,,
388,29.66,5.6,"19th Av.","AZ Canal at 19th Av.","08/16/01 00:00:00",,,,,,,
389,,,"25th Av.","25th Av.","08/16/01 00:00:00",,,,,,,
390,31,7,"29th Av.","29th Av.","08/16/01 00:00:00",30,,,,,,6.6
391,,,"R16","AZ Canal - Inlet to Deer Valley WTP","08/16/01 00:00:00",30,,,,,,6.6
392,,,"R17","Deer Valley WTP treated water","08/16/01 00:00:00",8,,,,,,0
393,34.66,10.5,"51st Av.","51st Av.","08/16/01 00:00:00",,,,,,,
394,37,13.2,"67th Av.","67th Av.","08/16/01 00:00:00",,,,,,,
395,,,"Little Harq p.p.","Little Harq p.p.","08/16/01 00:00:00",,,,,,,
396,,,"Havasu p.p.","Havasu p.p.","08/16/01 00:00:00",,,,,,,
397,,,"R4","CAP at 7th ST","08/17/01 00:00:00",,,,,,,
398,,,"R18","South Canal at Val Vista WTP","08/17/01 00:00:00",,,,,,,
399,,,"R19","Val Vista WTP treated water","08/17/01 00:00:00",,,,,,,
400,,,"R10","Salt River below Saguaro Lake","08/17/01 00:00:00",,,,,,,
401,,,"R11","CAP Canal at cross-connect","08/17/01 00:00:00",,,,,,,
402,0,,"R12","AZ Canal above CAP cross-connect","08/17/01 00:00:00",,,,,,,
403,0.5,,"R13","AZ Canal below CAP cross-connect","08/17/01 00:00:00",,,,,,,
404,4,,"Hwy 87","AZ Canal at Highway 87","08/17/01 00:00:00",,,,,,,
405,1.2,,"B1","B1","08/17/01 00:00:00",,,,,,,
406,2.4,,"B2","B2","08/17/01 00:00:00",,,,,,,
407,5.2,,"B3","B3","08/17/01 00:00:00",,,,,,,
408,6.4,,"B4","B4","08/17/01 00:00:00",,,,,,,
409,8.460000000000001,,"Mesa","AZ Canal at Mesa Dr.","08/17/01 00:00:00",,,,,,,
410,12.94,,"Pima","AZ Canal at Pima Rd.","08/17/01 00:00:00",,,,,,,
411,16.88,,"Scotts","AZ Canal at Scottsdale Rd.","08/17/01 00:00:00",,,,,,,
412,18.7,,"R22","AZ Canal - 56th St. (Alma School Road)","08/17/01 00:00:00",,,,,,,
413,21.11,,"44th St.","AZ Canal at 44th Street","08/17/01 00:00:00",,,,,,,
414,,,"32nd St.","AZ Canal at 32nd Street","08/17/01 00:00:00",,,,,,,
415,24.06,0,"24th St.","24th St.","08/17/01 00:00:00",24.2,,,,,,
416,,,"R14","AZ Canal - Inlet to Squaw Peak WTP","08/17/01 00:00:00",24.2,,,,,,
417,,,"R15","Squaw Peak WTP treated water","08/17/01 00:00:00",,,,,,,
418,25.76,1.7,"16th St.","AZ Canal at 16th Street","08/17/01 00:00:00",26.6,,,,,,
419,27.06,3,"Northern","AZ Canal at Northern Avenue","08/17/01 00:00:00",27.1,,,,,,
420,28.16,4.1,"R21","AZ Canal at Central Av.","08/17/01 00:00:00",27.1,,,,,,
421,29.66,5.6,"19th Av.","AZ Canal at 19th Av.","08/17/01 00:00:00",28.2,,,,,,
422,,,"25th Av.","25th Av.","08/17/01 00:00:00",,,,,,,
423,31,7,"29th Av.","29th Av.","08/17/01 00:00:00",26.6,,,,,,
424,,,"R16","AZ Canal - Inlet to Deer Valley WTP","08/17/01 00:00:00",26.6,,,,,,
425,,,"R17","Deer Valley WTP treated water","08/17/01 00:00:00",,,,,,,
426,34.66,10.5,"51st Av.","51st Av.","08/17/01 00:00:00",25.7,,,,,,
427,37,13.2,"67th Av.","67th Av.","08/17/01 00:00:00",,,,,,,
428,,,"Little Harq p.p.","Little Harq p.p.","08/17/01 00:00:00",,,,,,,
429,,,"Havasu p.p.","Havasu p.p.","08/17/01 00:00:00",,,,,,,
430,,,"R4","CAP at 7th ST","08/23/01 00:00:00",0,,,,,,2.5
431,,,"R18","South Canal at Val Vista WTP","08/23/01 00:00:00",9.4,,,,,,2.8
432,,,"R19","Val Vista WTP treated water","08/23/01 00:00:00",11.2,,,,,,4.3
433,,,"R10","Salt River below Saguaro Lake","08/23/01 00:00:00",,,,,,,
434,,,"R11","CAP Canal at cross-connect","08/23/01 00:00:00",2.2,,,,,,0
435,0,,"R12","AZ Canal above CAP cross-connect","08/23/01 00:00:00",15.9,,,,,,2.6
436,0.5,,"R13","AZ Canal below CAP cross-connect","08/23/01 00:00:00",12.9,,,,,,2.9
437,4,,"Hwy 87","AZ Canal at Highway 87","08/23/01 00:00:00",,,,,,,
438,1.2,,"B1","B1","08/23/01 00:00:00",,,,,,,
439,2.4,,"B2","B2","08/23/01 00:00:00",,,,,,,
440,5.2,,"B3","B3","08/23/01 00:00:00",,,,,,,
441,6.4,,"B4","B4","08/23/01 00:00:00",,,,,,,
442,8.460000000000001,,"Mesa","AZ Canal at Mesa Dr.","08/23/01 00:00:00",,,,,,,
443,12.94,,"Pima","AZ Canal at Pima Rd.","08/23/01 00:00:00",,,,,,,
444,16.88,,"Scotts","AZ Canal at Scottsdale Rd.","08/23/01 00:00:00",,,,,,,
445,18.7,,"R22","AZ Canal - 56th St. (Alma School Road)","08/23/01 00:00:00",,,,,,,
446,21.11,,"44th St.","AZ Canal at 44th Street","08/23/01 00:00:00",,,,,,,
447,,,"32nd St.","AZ Canal at 32nd Street","08/23/01 00:00:00",,,,,,,
448,24.06,0,"24th St.","24th St.","08/23/01 00:00:00",37.7,,,,,,6.8
449,,,"R14","AZ Canal - Inlet to Squaw Peak WTP","08/23/01 00:00:00",37.7,,,,,,6.8
450,,,"R15","Squaw Peak WTP treated water","08/23/01 00:00:00",23.4,,,,,,5.6
451,25.76,1.7,"16th St.","AZ Canal at 16th Street","08/23/01 00:00:00",35.4,,,,,,
452,27.06,3,"Northern","AZ Canal at Northern Avenue","08/23/01 00:00:00",33.1,,,,,,
453,28.16,4.1,"R21","AZ Canal at Central Av.","08/23/01 00:00:00",29.7,,,,,,
454,29.66,5.6,"19th Av.","AZ Canal at 19th Av.","08/23/01 00:00:00",31.4,,,,,,
455,,,"25th Av.","25th Av.","08/23/01 00:00:00",,,,,,,
456,31,7,"29th Av.","29th Av.","08/23/01 00:00:00",33.3,,,,,,4.3
457,,,"R16","AZ Canal - Inlet to Deer Valley WTP","08/23/01 00:00:00",33.3,,,,,,4.3
458,,,"R17","Deer Valley WTP treated water","08/23/01 00:00:00",,,,,,,
459,34.66,10.5,"51st Av.","51st Av.","08/23/01 00:00:00",,,,,,,
460,37,13.2,"67th Av.","67th Av.","08/23/01 00:00:00",27.6,,,,,,
461,,,"Little Harq p.p.","Little Harq p.p.","08/23/01 00:00:00",,,,,,,
462,,,"Havasu p.p.","Havasu p.p.","08/23/01 00:00:00",,,,,,,
463,,,"R4","CAP at 7th ST","08/27/01 00:00:00",,,,,,,
464,,,"R18","South Canal at Val Vista WTP","08/27/01 00:00:00",,,,,,,
465,,,"R19","Val Vista WTP treated water","08/27/01 00:00:00",,,,,,,
466,,,"R10","Salt River below Saguaro Lake","08/27/01 00:00:00",,,,,,,
467,,,"R11","CAP Canal at cross-connect","08/27/01 00:00:00",,,,,,,
468,0,,"R12","AZ Canal above CAP cross-connect","08/27/01 00:00:00",,,,,,,
469,0.5,,"R13","AZ Canal below CAP cross-connect","08/27/01 00:00:00",,,,,,,
470,4,,"Hwy 87","AZ Canal at Highway 87","08/27/01 00:00:00",,,,,,,
471,1.2,,"B1","B1","08/27/01 00:00:00",,,,,,,
472,2.4,,"B2","B2","08/27/01 00:00:00",,,,,,,
473,5.2,,"B3","B3","08/27/01 00:00:00",,,,,,,
474,6.4,,"B4","B4","08/27/01 00:00:00",,,,,,,
475,8.460000000000001,,"Mesa","AZ Canal at Mesa Dr.","08/27/01 00:00:00",,,,,,,
476,12.94,,"Pima","AZ Canal at Pima Rd.","08/27/01 00:00:00",,,,,,,
477,16.88,,"Scotts","AZ Canal at Scottsdale Rd.","08/27/01 00:00:00",,,,,,,
478,18.7,,"R22","AZ Canal - 56th St. (Alma School Road)","08/27/01 00:00:00",,,,,,,
479,21.11,,"44th St.","AZ Canal at 44th Street","08/27/01 00:00:00",,,,,,,
480,,,"32nd St.","AZ Canal at 32nd Street","08/27/01 00:00:00",,,,,,,
481,24.06,0,"24th St.","24th St.","08/27/01 00:00:00",31,,,,,,
482,,,"R14","AZ Canal - Inlet to Squaw Peak WTP","08/27/01 00:00:00",31,,,,,,
483,,,"R15","Squaw Peak WTP treated water","08/27/01 00:00:00",,,,,,,
484,25.76,1.7,"16th St.","AZ Canal at 16th Street","08/27/01 00:00:00",39,,,,,,
485,27.06,3,"Northern","AZ Canal at Northern Avenue","08/27/01 00:00:00",40.2,,,,,,
486,28.16,4.1,"R21","AZ Canal at Central Av.","08/27/01 00:00:00",37,,,,,,
487,29.66,5.6,"19th Av.","AZ Canal at 19th Av.","08/27/01 00:00:00",37.1,,,,,,
488,,,"25th Av.","25th Av.","08/27/01 00:00:00",,,,,,,
489,31,7,"29th Av.","29th Av.","08/27/01 00:00:00",36.4,,,,,,
490,,,"R16","AZ Canal - Inlet to Deer Valley WTP","08/27/01 00:00:00",36.4,,,,,,
491,,,"R17","Deer Valley WTP treated water","08/27/01 00:00:00",,,,,,,
492,34.66,10.5,"51st Av.","51st Av.","08/27/01 00:00:00",33.9,,,,,,
493,37,13.2,"67th Av.","67th Av.","08/27/01 00:00:00",,,,,,,
494,,,"Little Harq p.p.","Little Harq p.p.","08/27/01 00:00:00",,,,,,,
495,,,"Havasu p.p.","Havasu p.p.","08/27/01 00:00:00",,,,,,,
496,,,"R4","CAP at 7th ST","08/30/01 00:00:00",,,,,,,
497,,,"R18","South Canal at Val Vista WTP","08/30/01 00:00:00",19.3,,,,,,3.5
498,,,"R19","Val Vista WTP treated water","08/30/01 00:00:00",10.1,,,,,,0
499,,,"R10","Salt River below Saguaro Lake","08/30/01 00:00:00",,,,,,,
500,,,"R11","CAP Canal at cross-connect","08/30/01 00:00:00",,,,,,,
501,0,,"R12","AZ Canal above CAP cross-connect","08/30/01 00:00:00",,,,,,,
502,0.5,,"R13","AZ Canal below CAP cross-connect","08/30/01 00:00:00",31.1,,,,,,3.4
503,4,,"Hwy 87","AZ Canal at Highway 87","08/30/01 00:00:00",26.9,,,,,,3.5
504,1.2,,"B1","B1","08/30/01 00:00:00",,,,,,,
505,2.4,,"B2","B2","08/30/01 00:00:00",,,,,,,
506,5.2,,"B3","B3","08/30/01 00:00:00",,,,,,,
507,6.4,,"B4","B4","08/30/01 00:00:00",,,,,,,
508,8.460000000000001,,"Mesa","AZ Canal at Mesa Dr.","08/30/01 00:00:00",35.4,,,,,,4.1
509,12.94,,"Pima","AZ Canal at Pima Rd.","08/30/01 00:00:00",35.2,,,,,,4.6
510,16.88,,"Scotts","AZ Canal at Scottsdale Rd.","08/30/01 00:00:00",30.6,,,,,,3.7
511,18.7,,"R22","AZ Canal - 56th St. (Alma School Road)","08/30/01 00:00:00",,,,,,,
512,21.11,,"44th St.","AZ Canal at 44th Street","08/30/01 00:00:00",38.5,,,,,,4.5
513,,,"32nd St.","AZ Canal at 32nd Street","08/30/01 00:00:00",40.2,,,,,,4.9
514,24.06,0,"24th St.","24th St.","08/30/01 00:00:00",46.2,,,,,,5.5
515,,,"R14","AZ Canal - Inlet to Squaw Peak WTP","08/30/01 00:00:00",46.2,,,,,,5.5
516,,,"R15","Squaw Peak WTP treated water","08/30/01 00:00:00",28.6,,,,,,0
517,25.76,1.7,"16th St.","AZ Canal at 16th Street","08/30/01 00:00:00",39.1,,,,,,5.4
518,27.06,3,"Northern","AZ Canal at Northern Avenue","08/30/01 00:00:00",47.4,,,,,,5.2
519,28.16,4.1,"R21","AZ Canal at Central Av.","08/30/01 00:00:00",,,,,,,
520,29.66,5.6,"19th Av.","AZ Canal at 19th Av.","08/30/01 00:00:00",35.3,,,,,,4
521,,,"25th Av.","25th Av.","08/30/01 00:00:00",,,,,,,
522,31,7,"29th Av.","29th Av.","08/30/01 00:00:00",34.7,,,,,,3.8
523,,,"R16","AZ Canal - Inlet to Deer Valley WTP","08/30/01 00:00:00",34.7,,,,,,3.8
524,,,"R17","Deer Valley WTP treated water","08/30/01 00:00:00",,,,,,,
525,34.66,10.5,"51st Av.","51st Av.","08/30/01 00:00:00",38.2,,,,,,6.3
526,37,13.2,"67th Av.","67th Av.","08/30/01 00:00:00",28.3,,,,,,4.7
527,,,"Little Harq p.p.","Little Harq p.p.","08/30/01 00:00:00",,,,,,,
528,,,"Havasu p.p.","Havasu p.p.","08/30/01 00:00:00",,,,,,,
529,,,"R4","CAP at 7th ST","09/03/01 00:00:00",,,,,,,
530,,,"R18","South Canal at Val Vista WTP","09/03/01 00:00:00",,,,,,,
531,,,"R19","Val Vista WTP treated water","09/03/01 00:00:00",,,,,,,
532,,,"R10","Salt River below Saguaro Lake","09/03/01 00:00:00",,,,,,,
533,,,"R11","CAP Canal at cross-connect","09/03/01 00:00:00",,,,,,,
534,0,,"R12","AZ Canal above CAP cross-connect","09/03/01 00:00:00",,,,,,,
535,0.5,,"R13","AZ Canal below CAP cross-connect","09/03/01 00:00:00",,,,,,,
536,4,,"Hwy 87","AZ Canal at Highway 87","09/03/01 00:00:00",,,,,,,
537,1.2,,"B1","B1","09/03/01 00:00:00",,,,,,,
538,2.4,,"B2","B2","09/03/01 00:00:00",,,,,,,
539,5.2,,"B3","B3","09/03/01 00:00:00",,,,,,,
540,6.4,,"B4","B4","09/03/01 00:00:00",,,,,,,
541,8.460000000000001,,"Mesa","AZ Canal at Mesa Dr.","09/03/01 00:00:00",,,,,,,
542,12.94,,"Pima","AZ Canal at Pima Rd.","09/03/01 00:00:00",,,,,,,
543,16.88,,"Scotts","AZ Canal at Scottsdale Rd.","09/03/01 00:00:00",,,,,,,
544,18.7,,"R22","AZ Canal - 56th St. (Alma School Road)","09/03/01 00:00:00",,,,,,,
545,21.11,,"44th St.","AZ Canal at 44th Street","09/03/01 00:00:00",,,,,,,
546,,,"32nd St.","AZ Canal at 32nd Street","09/03/01 00:00:00",,,,,,,
547,24.06,0,"24th St.","24th St.","09/03/01 00:00:00",43.3,,,,,,
548,,,"R14","AZ Canal - Inlet to Squaw Peak WTP","09/03/01 00:00:00",43.3,,,,,,
549,,,"R15","Squaw Peak WTP treated water","09/03/01 00:00:00",,,,,,,
550,25.76,1.7,"16th St.","AZ Canal at 16th Street","09/03/01 00:00:00",38,,,,,,
551,27.06,3,"Northern","AZ Canal at Northern Avenue","09/03/01 00:00:00",43,,,,,,
552,28.16,4.1,"R21","AZ Canal at Central Av.","09/03/01 00:00:00",43.1,,,,,,
553,29.66,5.6,"19th Av.","AZ Canal at 19th Av.","09/03/01 00:00:00",43.3,,,,,,
554,,,"25th Av.","25th Av.","09/03/01 00:00:00",,,,,,,
555,31,7,"29th Av.","29th Av.","09/03/01 00:00:00",39,,,,,,
556,,,"R16","AZ Canal - Inlet to Deer Valley WTP","09/03/01 00:00:00",39,,,,,,
557,,,"R17","Deer Valley WTP treated water","09/03/01 00:00:00",,,,,,,
558,34.66,10.5,"51st Av.","51st Av.","09/03/01 00:00:00",36.1,,,,,,
559,37,13.2,"67th Av.","67th Av.","09/03/01 00:00:00",,,,,,,
560,,,"Little Harq p.p.","Little Harq p.p.","09/03/01 00:00:00",,,,,,,
561,,,"Havasu p.p.","Havasu p.p.","09/03/01 00:00:00",,,,,,,
562,,,"R4","CAP at 7th ST","09/06/01 00:00:00",4.1,,,,,,5.2
563,,,"R18","South Canal at Val Vista WTP","09/06/01 00:00:00",26.8,,,,,,7.3
564,,,"R19","Val Vista WTP treated water","09/06/01 00:00:00",26.6,,,,,,7.7
565,,,"R10","Salt River below Saguaro Lake","09/06/01 00:00:00",,,,,,,
566,,,"R11","CAP Canal at cross-connect","09/06/01 00:00:00",4.3,,,,,,10.2
567,0,,"R12","AZ Canal above CAP cross-connect","09/06/01 00:00:00",36.6,,,,,,4.5
568,0.5,,"R13","AZ Canal below CAP cross-connect","09/06/01 00:00:00",31.3,,,,,,4.5
569,4,,"Hwy 87","AZ Canal at Highway 87","09/06/01 00:00:00",35.3,,,,,,5.1
570,1.2,,"B1","B1","09/06/01 00:00:00",,,,,,,
571,2.4,,"B2","B2","09/06/01 00:00:00",,,,,,,
572,5.2,,"B3","B3","09/06/01 00:00:00",,,,,,,
573,6.4,,"B4","B4","09/06/01 00:00:00",,,,,,,
574,8.460000000000001,,"Mesa","AZ Canal at Mesa Dr.","09/06/01 00:00:00",41.6,,,,,,6.2
575,12.94,,"Pima","AZ Canal at Pima Rd.","09/06/01 00:00:00",42.5,,,,,,6
576,16.88,,"Scotts","AZ Canal at Scottsdale Rd.","09/06/01 00:00:00",41.7,,,,,,6.5
577,18.7,,"R22","AZ Canal - 56th St. (Alma School Road)","09/06/01 00:00:00",,,,,,,
578,21.11,,"44th St.","AZ Canal at 44th Street","09/06/01 00:00:00",48.1,,,,,,5.6
579,,,"32nd St.","AZ Canal at 32nd Street","09/06/01 00:00:00",45.4,,,,,,5.9
580,24.06,0,"24th St.","24th St.","09/06/01 00:00:00",54.3,,,,,,6.9
581,,,"R14","AZ Canal - Inlet to Squaw Peak WTP","09/06/01 00:00:00",54.3,,,,,,6.9
582,,,"R15","Squaw Peak WTP treated water","09/06/01 00:00:00",29.3,,,,,,2.2
583,25.76,1.7,"16th St.","AZ Canal at 16th Street","09/06/01 00:00:00",41.8,,,,,,4.1
584,27.06,3,"Northern","AZ Canal at Northern Avenue","09/06/01 00:00:00",47.9,,,,,,6.1
585,28.16,4.1,"R21","AZ Canal at Central Av.","09/06/01 00:00:00",,,,,,,
586,29.66,5.6,"19th Av.","AZ Canal at 19th Av.","09/06/01 00:00:00",46.7,,,,,,5.5
587,,,"25th Av.","25th Av.","09/06/01 00:00:00",,,,,,,
588,31,7,"29th Av.","29th Av.","09/06/01 00:00:00",49.6,,,,,,6.2
589,,,"R16","AZ Canal - Inlet to Deer Valley WTP","09/06/01 00:00:00",49.6,,,,,,6.2
590,,,"R17","Deer Valley WTP treated water","09/06/01 00:00:00",,,,,,,
591,34.66,10.5,"51st Av.","51st Av.","09/06/01 00:00:00",38.4,,,,,,4.8
592,37,13.2,"67th Av.","67th Av.","09/06/01 00:00:00",40.1,,,,,,3.7
593,,,"Little Harq p.p.","Little Harq p.p.","09/06/01 00:00:00",,,,,,,
594,,,"Havasu p.p.","Havasu p.p.","09/06/01 00:00:00",,,,,,,
595,,,"R4","CAP at 7th ST","09/13/01 00:00:00",3.5,,,,,,2.8
596,,,"R18","South Canal at Val Vista WTP","09/13/01 00:00:00",20.5,,,,,,3.1
597,,,"R19","Val Vista WTP treated water","09/13/01 00:00:00",15.7,,,,,,2.6
598,,,"R10","Salt River below Saguaro Lake","09/13/01 00:00:00",,,,,,,
599,,,"R11","CAP Canal at cross-connect","09/13/01 00:00:00",3.4,,,,,,4.1
600,0,,"R12","AZ Canal above CAP cross-connect","09/13/01 00:00:00",27.5,,,,,,4
601,0.5,,"R13","AZ Canal below CAP cross-connect","09/13/01 00:00:00",29.6,,,,,,3.6
602,4,,"Hwy 87","AZ Canal at Highway 87","09/13/01 00:00:00",,,,,,,
603,1.2,,"B1","B1","09/13/01 00:00:00",,,,,,,
604,2.4,,"B2","B2","09/13/01 00:00:00",,,,,,,
605,5.2,,"B3","B3","09/13/01 00:00:00",,,,,,,
606,6.4,,"B4","B4","09/13/01 00:00:00",,,,,,,
607,8.460000000000001,,"Mesa","AZ Canal at Mesa Dr.","09/13/01 00:00:00",49.2,,,,,,3.9
608,12.94,,"Pima","AZ Canal at Pima Rd.","09/13/01 00:00:00",44.2,,,,,,4.3
609,16.88,,"Scotts","AZ Canal at Scottsdale Rd.","09/13/01 00:00:00",52.4,,,,,,4.5
610,18.7,,"R22","AZ Canal - 56th St. (Alma School Road)","09/13/01 00:00:00",,,,,,,
611,21.11,,"44th St.","AZ Canal at 44th Street","09/13/01 00:00:00",58,,,,,,5.7
612,,,"32nd St.","AZ Canal at 32nd Street","09/13/01 00:00:00",53.3,,,,,,6.1
613,24.06,0,"24th St.","24th St.","09/13/01 00:00:00",58.9,,,,,,7.3
614,,,"R14","AZ Canal - Inlet to Squaw Peak WTP","09/13/01 00:00:00",58.9,,,,,,7.3
615,,,"R15","Squaw Peak WTP treated water","09/13/01 00:00:00",59.9,,,,,,7.3
616,25.76,1.7,"16th St.","AZ Canal at 16th Street","09/13/01 00:00:00",50.9,,,,,,6.2
617,27.06,3,"Northern","AZ Canal at Northern Avenue","09/13/01 00:00:00",60.8,,,,,,7.7
618,28.16,4.1,"R21","AZ Canal at Central Av.","09/13/01 00:00:00",,,,,,,
619,29.66,5.6,"19th Av.","AZ Canal at 19th Av.","09/13/01 00:00:00",51.9,,,,,,6.3
620,,,"25th Av.","25th Av.","09/13/01 00:00:00",,,,,,,
621,31,7,"29th Av.","29th Av.","09/13/01 00:00:00",45.9,,,,,,5.9
622,,,"R16","AZ Canal - Inlet to Deer Valley WTP","09/13/01 00:00:00",45.9,,,,,,5.9
623,,,"R17","Deer Valley WTP treated water","09/13/01 00:00:00",,,,,,,
624,34.66,10.5,"51st Av.","51st Av.","09/13/01 00:00:00",,,,,,,
625,37,13.2,"67th Av.","67th Av.","09/13/01 00:00:00",,,,,,,
626,,,"Little Harq p.p.","Little Harq p.p.","09/13/01 00:00:00",,,,,,,
627,,,"Havasu p.p.","Havasu p.p.","09/13/01 00:00:00",,,,,,,
628,,,"R4","CAP at 7th ST","09/20/01 00:00:00",10,,,,,,5.9
629,,,"R18","South Canal at Val Vista WTP","09/20/01 00:00:00",24.3,,,,,,5
630,,,"R19","Val Vista WTP treated water","09/20/01 00:00:00",14,,,,,,2.2
631,,,"R10","Salt River below Saguaro Lake","09/20/01 00:00:00",,,,,,,
632,,,"R11","CAP Canal at cross-connect","09/20/01 00:00:00",3.3,,,,,,6
633,0,,"R12","AZ Canal above CAP cross-connect","09/20/01 00:00:00",36.4,,,,,,3.5
634,0.5,,"R13","AZ Canal below CAP cross-connect","09/20/01 00:00:00",32.3,,,,,,4.1
635,4,,"Hwy 87","AZ Canal at Highway 87","09/20/01 00:00:00",36.1,,,,,,3.6
636,1.2,,"B1","B1","09/20/01 00:00:00",35.1,,,,,,3.6
637,2.4,,"B2","B2","09/20/01 00:00:00",39.7,,,,,,4.7
638,5.2,,"B3","B3","09/20/01 00:00:00",59.2,,,,,,5
639,6.4,,"B4","B4","09/20/01 00:00:00",61.8,,,,,,5.4
640,8.460000000000001,,"Mesa","AZ Canal at Mesa Dr.","09/20/01 00:00:00",64.09999999999999,,,,,,5
641,12.94,,"Pima","AZ Canal at Pima Rd.","09/20/01 00:00:00",67.40000000000001,,,,,,4.9
642,16.88,,"Scotts","AZ Canal at Scottsdale Rd.","09/20/01 00:00:00",62.9,,,,,,5
643,18.7,,"R22","AZ Canal - 56th St. (Alma School Road)","09/20/01 00:00:00",,,,,,,
644,21.11,,"44th St.","AZ Canal at 44th Street","09/20/01 00:00:00",65.90000000000001,,,,,,5.7
645,,,"32nd St.","AZ Canal at 32nd Street","09/20/01 00:00:00",,,,,,,
646,24.06,0,"24th St.","24th St.","09/20/01 00:00:00",61,,,,,,5
647,,,"R14","AZ Canal - Inlet to Squaw Peak WTP","09/20/01 00:00:00",61,,,,,,5
648,,,"R15","Squaw Peak WTP treated water","09/20/01 00:00:00",32.3,,,,,,0
649,25.76,1.7,"16th St.","AZ Canal at 16th Street","09/20/01 00:00:00",57.9,,,,,,7.3
650,27.06,3,"Northern","AZ Canal at Northern Avenue","09/20/01 00:00:00",64.40000000000001,,,,,,4.8
651,28.16,4.1,"R21","AZ Canal at Central Av.","09/20/01 00:00:00",71.40000000000001,,,,,,5.5
652,29.66,5.6,"19th Av.","AZ Canal at 19th Av.","09/20/01 00:00:00",68.8,,,,,,5.6
653,,,"25th Av.","25th Av.","09/20/01 00:00:00",,,,,,,
654,31,7,"29th Av.","29th Av.","09/20/01 00:00:00",68.8,,,,,,6.2
655,,,"R16","AZ Canal - Inlet to Deer Valley WTP","09/20/01 00:00:00",66.7,,,,,,6.2
656,,,"R17","Deer Valley WTP treated water","09/20/01 00:00:00",,,,,,,
657,34.66,10.5,"51st Av.","51st Av.","09/20/01 00:00:00",74.3,,,,,,5.6
658,37,13.2,"67th Av.","67th Av.","09/20/01 00:00:00",,,,,,,
659,,,"Little Harq p.p.","Little Harq p.p.","09/20/01 00:00:00",,,,,,,
660,,,"Havasu p.p.","Havasu p.p.","09/20/01 00:00:00",,,,,,,
661,,,"R4","CAP at 7th ST","09/27/01 00:00:00",6.7,,,,,,4.7
662,,,"R18","South Canal at Val Vista WTP","09/27/01 00:00:00",32.3,,,,,,3.5
663,,,"R19","Val Vista WTP treated water","09/27/01 00:00:00",23.2,,,,,,0
664,,,"R10","Salt River below Saguaro Lake","09/27/01 00:00:00",,,,,,,
665,,,"R11","CAP Canal at cross-connect","09/27/01 00:00:00",6.1,,,,,,4.2
666,0,,"R12","AZ Canal above CAP cross-connect","09/27/01 00:00:00",40.1,,,,,,2.6
667,0.5,,"R13","AZ Canal below CAP cross-connect","09/27/01 00:00:00",39.1,,,,,,2.2
668,4,,"Hwy 87","AZ Canal at Highway 87","09/27/01 00:00:00",42.2,,,,,,2.3
669,1.2,,"B1","B1","09/27/01 00:00:00",40,,,,,,3.7
670,2.4,,"B2","B2","09/27/01 00:00:00",42.9,,,,,,2.7
671,5.2,,"B3","B3","09/27/01 00:00:00",58.5,,,,,,3.2
672,6.4,,"B4","B4","09/27/01 00:00:00",61.5,,,,,,4.5
673,8.460000000000001,,"Mesa","AZ Canal at Mesa Dr.","09/27/01 00:00:00",66.09999999999999,,,,,,3.7
674,12.94,,"Pima","AZ Canal at Pima Rd.","09/27/01 00:00:00",69.09999999999999,,,,,,4
675,16.88,,"Scotts","AZ Canal at Scottsdale Rd.","09/27/01 00:00:00",70.90000000000001,,,,,,4.3
676,18.7,,"R22","AZ Canal - 56th St. (Alma School Road)","09/27/01 00:00:00",,,,,,,
677,21.11,,"44th St.","AZ Canal at 44th Street","09/27/01 00:00:00",67.09999999999999,,,,,,3.9
678,,,"32nd St.","AZ Canal at 32nd Street","09/27/01 00:00:00",66.7,,,,,,3.9
679,24.06,0,"24th St.","24th St.","09/27/01 00:00:00",66.3,,,,,,4.7
680,,,"R14","AZ Canal - Inlet to Squaw Peak WTP","09/27/01 00:00:00",66.3,,,,,,4.7
681,,,"R15","Squaw Peak WTP treated water","09/27/01 00:00:00",29.3,,,,,,0
682,25.76,1.7,"16th St.","AZ Canal at 16th Street","09/27/01 00:00:00",70,,,,,,7.1
683,27.06,3,"Northern","AZ Canal at Northern Avenue","09/27/01 00:00:00",74,,,,,,5.5
684,28.16,4.1,"R21","AZ Canal at Central Av.","09/27/01 00:00:00",78.8,,,,,,5.1
685,29.66,5.6,"19th Av.","AZ Canal at 19th Av.","09/27/01 00:00:00",81,,,,,,
686,,,"25th Av.","25th Av.","09/27/01 00:00:00",,,,,,,
687,31,7,"29th Av.","29th Av.","09/27/01 00:00:00",83.3,,,,,,6.7
688,,,"R16","AZ Canal - Inlet to Deer Valley WTP","09/27/01 00:00:00",83.3,,,,,,6.7
689,,,"R17","Deer Valley WTP treated water","09/27/01 00:00:00",,,,,,,
690,34.66,10.5,"51st Av.","51st Av.","09/27/01 00:00:00",66.7,,,,,,5.2
691,37,13.2,"67th Av.","67th Av.","09/27/01 00:00:00",72.09999999999999,,,,,,5.3
692,,,"Little Harq p.p.","Little Harq p.p.","09/27/01 00:00:00",,,,,,,
693,,,"Havasu p.p.","Havasu p.p.","09/27/01 00:00:00",,,,,,,
694,,,"R4","CAP at 7th ST","10/04/01 00:00:00",6.4,,,,,,9
695,,,"R18","South Canal at Val Vista WTP","10/04/01 00:00:00",27.9,,,,,,4.8
696,,,"R19","Val Vista WTP treated water","10/04/01 00:00:00",17.9,,,,,,2.2
697,,,"R10","Salt River below Saguaro Lake","10/04/01 00:00:00",,,,,,,
698,,,"R11","CAP Canal at cross-connect","10/04/01 00:00:00",5.2,,,,,,7.5
699,0,,"R12","AZ Canal above CAP cross-connect","10/04/01 00:00:00",40.1,,,,,,2.4
700,0.5,,"R13","AZ Canal below CAP cross-connect","10/04/01 00:00:00",35.9,,,,,,4.4
701,4,,"Hwy 87","AZ Canal at Highway 87","10/04/01 00:00:00",34.2,,,,,,2.8
702,1.2,,"B1","B1","10/04/01 00:00:00",33.7,,,,,,3.6
703,2.4,,"B2","B2","10/04/01 00:00:00",32.6,,,,,,2.8
704,5.2,,"B3","B3","10/04/01 00:00:00",47.7,,,,,,3.8
705,6.4,,"B4","B4","10/04/01 00:00:00",50.8,,,,,,5
706,8.460000000000001,,"Mesa","AZ Canal at Mesa Dr.","10/04/01 00:00:00",55.8,,,,,,3.6
707,12.94,,"Pima","AZ Canal at Pima Rd.","10/04/01 00:00:00",53.9,,,,,,4.8
708,16.88,,"Scotts","AZ Canal at Scottsdale Rd.","10/04/01 00:00:00",53.1,,,,,,4.4
709,18.7,,"R22","AZ Canal - 56th St. (Alma School Road)","10/04/01 00:00:00",,,,,,,
710,21.11,,"44th St.","AZ Canal at 44th Street","10/04/01 00:00:00",25.3,,,,,,0
711,,,"32nd St.","AZ Canal at 32nd Street","10/04/01 00:00:00",,,,,,,
712,24.06,0,"24th St.","24th St.","10/04/01 00:00:00",55.7,,,,,,6.1
713,,,"R14","AZ Canal - Inlet to Squaw Peak WTP","10/04/01 00:00:00",55.7,,,,,,6.1
714,,,"R15","Squaw Peak WTP treated water","10/04/01 00:00:00",28.6,,,,,,0
715,25.76,1.7,"16th St.","AZ Canal at 16th Street","10/04/01 00:00:00",48.7,,,,,,7.7
716,27.06,3,"Northern","AZ Canal at Northern Avenue","10/04/01 00:00:00",52.7,,,,,,7.4
717,28.16,4.1,"R21","AZ Canal at Central Av.","10/04/01 00:00:00",74.8,,,,,,5.6
718,29.66,5.6,"19th Av.","AZ Canal at 19th Av.","10/04/01 00:00:00",70.5,,,,,,3.3
719,,,"25th Av.","25th Av.","10/04/01 00:00:00",,,,,,,
720,31,7,"29th Av.","29th Av.","10/04/01 00:00:00",93.59999999999999,,,,,,5
721,,,"R16","AZ Canal - Inlet to Deer Valley WTP","10/04/01 00:00:00",93.59999999999999,,,,,,5
722,,,"R17","Deer Valley WTP treated water","10/04/01 00:00:00",,,,,,,
723,34.66,10.5,"51st Av.","51st Av.","10/04/01 00:00:00",,,,,,,
724,37,13.2,"67th Av.","67th Av.","10/04/01 00:00:00",,,,,,,
725,,,"Little Harq p.p.","Little Harq p.p.","10/04/01 00:00:00",4.4,,,,,,0
726,,,"Havasu p.p.","Havasu p.p.","10/04/01 00:00:00",16.9,,,,,,0
727,,,"R4","CAP at 7th ST","10/10/01 00:00:00",,,,,,,
728,,,"R18","South Canal at Val Vista WTP","10/10/01 00:00:00",,,,,,,
729,,,"R19","Val Vista WTP treated water","10/10/01 00:00:00",,,,,,,
730,,,"R10","Salt River below Saguaro Lake","10/10/01 00:00:00",,,,,,,
731,,,"R11","CAP Canal at cross-connect","10/10/01 00:00:00",,,,,,,
732,0,,"R12","AZ Canal above CAP cross-connect","10/10/01 00:00:00",,,,,,,
733,0.5,,"R13","AZ Canal below CAP cross-connect","10/10/01 00:00:00",,,,,,,
734,4,,"Hwy 87","AZ Canal at Highway 87","10/10/01 00:00:00",36,,,,,,3.2
735,1.2,,"B1","B1","10/10/01 00:00:00",,,,,,,
736,2.4,,"B2","B2","10/10/01 00:00:00",,,,,,,
737,5.2,,"B3","B3","10/10/01 00:00:00",,,,,,,
738,6.4,,"B4","B4","10/10/01 00:00:00",,,,,,,
739,8.460000000000001,,"Mesa","AZ Canal at Mesa Dr.","10/10/01 00:00:00",49.9,,,,,,4
740,12.94,,"Pima","AZ Canal at Pima Rd.","10/10/01 00:00:00",,,,,,,
741,16.88,,"Scotts","AZ Canal at Scottsdale Rd.","10/10/01 00:00:00",,,,,,,
742,18.7,,"R22","AZ Canal - 56th St. (Alma School Road)","10/10/01 00:00:00",,,,,,,
743,21.11,,"44th St.","AZ Canal at 44th Street","10/10/01 00:00:00",,,,,,,
744,,,"32nd St.","AZ Canal at 32nd Street","10/10/01 00:00:00",,,,,,,
745,24.06,0,"24th St.","24th St.","10/10/01 00:00:00",,,,,,,
746,,,"R14","AZ Canal - Inlet to Squaw Peak WTP","10/10/01 00:00:00",,,,,,,
747,,,"R15","Squaw Peak WTP treated water","10/10/01 00:00:00",,,,,,,
748,25.76,1.7,"16th St.","AZ Canal at 16th Street","10/10/01 00:00:00",,,,,,,
749,27.06,3,"Northern","AZ Canal at Northern Avenue","10/10/01 00:00:00",,,,,,,
750,28.16,4.1,"R21","AZ Canal at Central Av.","10/10/01 00:00:00",,,,,,,
751,29.66,5.6,"19th Av.","AZ Canal at 19th Av.","10/10/01 00:00:00",,,,,,,
752,,,"25th Av.","25th Av.","10/10/01 00:00:00",,,,,,,
753,31,7,"29th Av.","29th Av.","10/10/01 00:00:00",,,,,,,
754,,,"R16","AZ Canal - Inlet to Deer Valley WTP","10/10/01 00:00:00",,,,,,,
755,,,"R17","Deer Valley WTP treated water","10/10/01 00:00:00",,,,,,,
756,34.66,10.5,"51st Av.","51st Av.","10/10/01 00:00:00",,,,,,,
757,37,13.2,"67th Av.","67th Av.","10/10/01 00:00:00",,,,,,,
758,,,"Little Harq p.p.","Little Harq p.p.","10/10/01 00:00:00",,,,,,,
759,,,"Havasu p.p.","Havasu p.p.","10/10/01 00:00:00",,,,,,,
760,,,"R4","CAP at 7th ST","10/18/01 00:00:00",4.2,,,,,,3.7
761,,,"R18","South Canal at Val Vista WTP","10/18/01 00:00:00",15.1,,,,,,3.9
762,,,"R19","Val Vista WTP treated water","10/18/01 00:00:00",11.5,,,,,,0
763,,,"R10","Salt River below Saguaro Lake","10/18/01 00:00:00",16.7,,,,,,3.3
764,,,"R11","CAP Canal at cross-connect","10/18/01 00:00:00",8.4,,,,,,4.8
765,0,,"R12","AZ Canal above CAP cross-connect","10/18/01 00:00:00",21.2,,,,,,3.4
766,0.5,,"R13","AZ Canal below CAP cross-connect","10/18/01 00:00:00",22.8,,,,,,2.9
767,4,,"Hwy 87","AZ Canal at Highway 87","10/18/01 00:00:00",20.5,,,,,,3.4
768,1.2,,"B1","B1","10/18/01 00:00:00",,,,,,,
769,2.4,,"B2","B2","10/18/01 00:00:00",,,,,,,
770,5.2,,"B3","B3","10/18/01 00:00:00",25,,,,,,3.7
771,6.4,,"B4","B4","10/18/01 00:00:00",31,,,,,,3.6
772,8.460000000000001,,"Mesa","AZ Canal at Mesa Dr.","10/18/01 00:00:00",29.7,,,,,,3.3
773,12.94,,"Pima","AZ Canal at Pima Rd.","10/18/01 00:00:00",36.1,,,,,,3.3
774,16.88,,"Scotts","AZ Canal at Scottsdale Rd.","10/18/01 00:00:00",38.6,,,,,,3.3
775,18.7,,"R22","AZ Canal - 56th St. (Alma School Road)","10/18/01 00:00:00",,,,,,,
776,21.11,,"44th St.","AZ Canal at 44th Street","10/18/01 00:00:00",,,,,,,
777,,,"32nd St.","AZ Canal at 32nd Street","10/18/01 00:00:00",,,,,,,
778,24.06,0,"24th St.","24th St.","10/18/01 00:00:00",27.6,,,,,,4.7
779,,,"R14","AZ Canal - Inlet to Squaw Peak WTP","10/18/01 00:00:00",27.6,,,,,,4.7
780,,,"R15","Squaw Peak WTP treated water","10/18/01 00:00:00",23.2,,,,,,0
781,25.76,1.7,"16th St.","AZ Canal at 16th Street","10/18/01 00:00:00",20.9,,,,,,2.2
782,27.06,3,"Northern","AZ Canal at Northern Avenue","10/18/01 00:00:00",31.4,,,,,,5.4
783,28.16,4.1,"R21","AZ Canal at Central Av.","10/18/01 00:00:00",,,,,,,
784,29.66,5.6,"19th Av.","AZ Canal at 19th Av.","10/18/01 00:00:00",47,,,,,,4
785,,,"25th Av.","25th Av.","10/18/01 00:00:00",,,,,,,
786,31,7,"29th Av.","29th Av.","10/18/01 00:00:00",62.5,,,,,,4.7
787,,,"R16","AZ Canal - Inlet to Deer Valley WTP","10/18/01 00:00:00",62.5,,,,,,4.7
788,,,"R17","Deer Valley WTP treated water","10/18/01 00:00:00",,,,,,,
789,34.66,10.5,"51st Av.","51st Av.","10/18/01 00:00:00",62.6,,,,,,8.9
790,37,13.2,"67th Av.","67th Av.","10/18/01 00:00:00",,,,,,,
791,,,"Little Harq p.p.","Little Harq p.p.","10/18/01 00:00:00",,,,,,,
792,,,"Havasu p.p.","Havasu p.p.","10/18/01 00:00:00",,,,,,,
793,,,"R4","CAP at 7th ST","10/25/01 00:00:00",7.9,,,,,,3.7
794,,,"R18","South Canal at Val Vista WTP","10/25/01 00:00:00",15.3,,,,,,2.5
795,,,"R19","Val Vista WTP treated water","10/25/01 00:00:00",14.4,,,,,,0
796,,,"R10","Salt River below Saguaro Lake","10/25/01 00:00:00",,,,,,,
797,,,"R11","CAP Canal at cross-connect","10/25/01 00:00:00",,,,,,,
798,0,,"R12","AZ Canal above CAP cross-connect","10/25/01 00:00:00",17.1,,,,,,2.2
799,0.5,,"R13","AZ Canal below CAP cross-connect","10/25/01 00:00:00",17.8,,,,,,2.2
800,4,,"Hwy 87","AZ Canal at Highway 87","10/25/01 00:00:00",14.3,,,,,,0
801,1.2,,"B1","B1","10/25/01 00:00:00",,,,,,,
802,2.4,,"B2","B2","10/25/01 00:00:00",,,,,,,
803,5.2,,"B3","B3","10/25/01 00:00:00",23.8,,,,,,2.7
804,6.4,,"B4","B4","10/25/01 00:00:00",22.9,,,,,,3.2
805,8.460000000000001,,"Mesa","AZ Canal at Mesa Dr.","10/25/01 00:00:00",27.3,,,,,,2.9
806,12.94,,"Pima","AZ Canal at Pima Rd.","10/25/01 00:00:00",26.6,,,,,,2.6
807,16.88,,"Scotts","AZ Canal at Scottsdale Rd.","10/25/01 00:00:00",25,,,,,,2.9
808,18.7,,"R22","AZ Canal - 56th St. (Alma School Road)","10/25/01 00:00:00",,,,,,,
809,21.11,,"44th St.","AZ Canal at 44th Street","10/25/01 00:00:00",25.6,,,,,,2.7
810,,,"32nd St.","AZ Canal at 32nd Street","10/25/01 00:00:00",,,,,,,
811,24.06,0,"24th St.","24th St.","10/25/01 00:00:00",28.2,,,,,,3.6
812,,,"R14","AZ Canal - Inlet to Squaw Peak WTP","10/25/01 00:00:00",28.2,,,,,,3.6
813,,,"R15","Squaw Peak WTP treated water","10/25/01 00:00:00",17.9,,,,,,0
814,25.76,1.7,"16th St.","AZ Canal at 16th Street","10/25/01 00:00:00",27.9,,,,,,4.4
815,27.06,3,"Northern","AZ Canal at Northern Avenue","10/25/01 00:00:00",28.8,,,,,,4.1
816,28.16,4.1,"R21","AZ Canal at Central Av.","10/25/01 00:00:00",41.5,,,,,,5
817,29.66,5.6,"19th Av.","AZ Canal at 19th Av.","10/25/01 00:00:00",33.4,,,,,,4.7
818,,,"25th Av.","25th Av.","10/25/01 00:00:00",,,,,,,
819,31,7,"29th Av.","29th Av.","10/25/01 00:00:00",67.90000000000001,,,,,,4.9
820,,,"R16","AZ Canal - Inlet to Deer Valley WTP","10/25/01 00:00:00",67.90000000000001,,,,,,4.9
821,,,"R17","Deer Valley WTP treated water","10/25/01 00:00:00",,,,,,,
822,34.66,10.5,"51st Av.","51st Av.","10/25/01 00:00:00",,,,,,,
823,37,13.2,"67th Av.","67th Av.","10/25/01 00:00:00",,,,,,,
824,,,"Little Harq p.p.","Little Harq p.p.","10/25/01 00:00:00",,,,,,,
825,,,"Havasu p.p.","Havasu p.p.","10/25/01 00:00:00",,,,,,,
826,,,"R4","CAP at 7th ST","11/02/01 00:00:00",7.8,,,,,,9.199999999999999
827,,,"R18","South Canal at Val Vista WTP","11/02/01 00:00:00",14.6,,,,,,2.8
828,,,"R19","Val Vista WTP treated water","11/02/01 00:00:00",10.8,,,,,,0
829,,,"R10","Salt River below Saguaro Lake","11/02/01 00:00:00",,,,,,,
830,,,"R11","CAP Canal at cross-connect","11/02/01 00:00:00",,,,,,,
831,0,,"R12","AZ Canal above CAP cross-connect","11/02/01 00:00:00",20.2,,,,,,3.3
832,0.5,,"R13","AZ Canal below CAP cross-connect","11/02/01 00:00:00",19.2,,,,,,3.8
833,4,,"Hwy 87","AZ Canal at Highway 87","11/02/01 00:00:00",21.6,,,,,,3.4
834,1.2,,"B1","B1","11/02/01 00:00:00",20.1,,,,,,3.3
835,2.4,,"B2","B2","11/02/01 00:00:00",20.6,,,,,,2.9
836,5.2,,"B3","B3","11/02/01 00:00:00",32.1,,,,,,4.5
837,6.4,,"B4","B4","11/02/01 00:00:00",27.6,,,,,,3.8
838,8.460000000000001,,"Mesa","AZ Canal at Mesa Dr.","11/02/01 00:00:00",33,,,,,,4.4
839,12.94,,"Pima","AZ Canal at Pima Rd.","11/02/01 00:00:00",24.2,,,,,,2.9
840,16.88,,"Scotts","AZ Canal at Scottsdale Rd.","11/02/01 00:00:00",28.8,,,,,,3.4
841,18.7,,"R22","AZ Canal - 56th St. (Alma School Road)","11/02/01 00:00:00",,,,,,,
842,21.11,,"44th St.","AZ Canal at 44th Street","11/02/01 00:00:00",28.3,,,,,,3.8
843,,,"32nd St.","AZ Canal at 32nd Street","11/02/01 00:00:00",,,,,,,
844,24.06,0,"24th St.","24th St.","11/02/01 00:00:00",27,,,,,,4.4
845,,,"R14","AZ Canal - Inlet to Squaw Peak WTP","11/02/01 00:00:00",27,,,,,,4.4
846,,,"R15","Squaw Peak WTP treated water","11/02/01 00:00:00",10.2,,,,,,0
847,25.76,1.7,"16th St.","AZ Canal at 16th Street","11/02/01 00:00:00",28.1,,,,,,4.5
848,27.06,3,"Northern","AZ Canal at Northern Avenue","11/02/01 00:00:00",30.1,,,,,,4
849,28.16,4.1,"R21","AZ Canal at Central Av.","11/02/01 00:00:00",42.1,,,,,,5.1
850,29.66,5.6,"19th Av.","AZ Canal at 19th Av.","11/02/01 00:00:00",73.3,,,,,,4.3
851,,,"25th Av.","25th Av.","11/02/01 00:00:00",,,,,,,
852,31,7,"29th Av.","29th Av.","11/02/01 00:00:00",88.2,,,,,,4.1
853,,,"R16","AZ Canal - Inlet to Deer Valley WTP","11/02/01 00:00:00",88.2,,,,,,4.1
854,,,"R17","Deer Valley WTP treated water","11/02/01 00:00:00",,,,,,,
855,34.66,10.5,"51st Av.","51st Av.","11/02/01 00:00:00",88.2,,,,,,3.1
856,37,13.2,"67th Av.","67th Av.","11/02/01 00:00:00",,,,,,,
857,,,"Little Harq p.p.","Little Harq p.p.","11/02/01 00:00:00",,,,,,,
858,,,"Havasu p.p.","Havasu p.p.","11/02/01 00:00:00",,,,,,,
859,,,"R4","CAP at 7th ST","11/08/01 00:00:00",7.5,,,,,,18.6
860,,,"R18","South Canal at Val Vista WTP","11/08/01 00:00:00",14.9,,,,,,2.7
861,,,"R19","Val Vista WTP treated water","11/08/01 00:00:00",12.5,,,,,,2.2
862,,,"R10","Salt River below Saguaro Lake","11/08/01 00:00:00",,,,,,,
863,,,"R11","CAP Canal at cross-connect","11/08/01 00:00:00",,,,,,,
864,0,,"R12","AZ Canal above CAP cross-connect","11/08/01 00:00:00",18.9,,,,,,2.6
865,0.5,,"R13","AZ Canal below CAP cross-connect","11/08/01 00:00:00",18.9,,,,,,2.7
866,4,,"Hwy 87","AZ Canal at Highway 87","11/08/01 00:00:00",21,,,,,,2.8
867,1.2,,"B1","B1","11/08/01 00:00:00",,,,,,,
868,2.4,,"B2","B2","11/08/01 00:00:00",22.2,,,,,,3
869,5.2,,"B3","B3","11/08/01 00:00:00",36,,,,,,4.2
870,6.4,,"B4","B4","11/08/01 00:00:00",28,,,,,,3.8
871,8.460000000000001,,"Mesa","AZ Canal at Mesa Dr.","11/08/01 00:00:00",27.1,,,,,,3.2
872,12.94,,"Pima","AZ Canal at Pima Rd.","11/08/01 00:00:00",24.8,,,,,,2.9
873,16.88,,"Scotts","AZ Canal at Scottsdale Rd.","11/08/01 00:00:00",23.3,,,,,,2.7
874,18.7,,"R22","AZ Canal - 56th St. (Alma School Road)","11/08/01 00:00:00",,,,,,,
875,21.11,,"44th St.","AZ Canal at 44th Street","11/08/01 00:00:00",26.2,,,,,,3.4
876,,,"32nd St.","AZ Canal at 32nd Street","11/08/01 00:00:00",,,,,,,
877,24.06,0,"24th St.","24th St.","11/08/01 00:00:00",29.6,,,,,,4.6
878,,,"R14","AZ Canal - Inlet to Squaw Peak WTP","11/08/01 00:00:00",29.6,,,,,,4.6
879,,,"R15","Squaw Peak WTP treated water","11/08/01 00:00:00",11.6,,,,,,0
880,25.76,1.7,"16th St.","AZ Canal at 16th Street","11/08/01 00:00:00",30.7,,,,,,4.7
881,27.06,3,"Northern","AZ Canal at Northern Avenue","11/08/01 00:00:00",24.1,,,,,,3.1
882,28.16,4.1,"R21","AZ Canal at Central Av.","11/08/01 00:00:00",32,,,,,,3.7
883,29.66,5.6,"19th Av.","AZ Canal at 19th Av.","11/08/01 00:00:00",69.40000000000001,,,,,,3.3
884,,,"25th Av.","25th Av.","11/08/01 00:00:00",,,,,,,
885,31,7,"29th Av.","29th Av.","11/08/01 00:00:00",82.09999999999999,,,,,,3.3
886,,,"R16","AZ Canal - Inlet to Deer Valley WTP","11/08/01 00:00:00",82.09999999999999,,,,,,3.3
887,,,"R17","Deer Valley WTP treated water","11/08/01 00:00:00",,,,,,,
888,34.66,10.5,"51st Av.","51st Av.","11/08/01 00:00:00",82.3,,,,,,3.5
889,37,13.2,"67th Av.","67th Av.","11/08/01 00:00:00",88.09999999999999,,,,,,3.2
890,,,"Little Harq p.p.","Little Harq p.p.","11/08/01 00:00:00",,,,,,,
891,,,"Havasu p.p.","Havasu p.p.","11/08/01 00:00:00",,,,,,,
892,,,"R4","CAP at 7th ST","11/15/01 00:00:00",10.9,,,,,,12.5
893,,,"R18","South Canal at Val Vista WTP","11/15/01 00:00:00",17.1,,,,,,2
894,,,"R19","Val Vista WTP treated water","11/15/01 00:00:00",7.4,,,,,,0
895,,,"R10","Salt River below Saguaro Lake","11/15/01 00:00:00",3.2,,,,,,0
896,,,"R11","CAP Canal at cross-connect","11/15/01 00:00:00",,,,,,,
897,0,,"R12","AZ Canal above CAP cross-connect","11/15/01 00:00:00",17.8,,,,,,0
898,0.5,,"R13","AZ Canal below CAP cross-connect","11/15/01 00:00:00",20.5,,,,,,0
899,4,,"Hwy 87","AZ Canal at Highway 87","11/15/01 00:00:00",25.7,,,,,,2.6
900,1.2,,"B1","B1","11/15/01 00:00:00",,,,,,,
901,2.4,,"B2","B2","11/15/01 00:00:00",,,,,,,
902,5.2,,"B3","B3","11/15/01 00:00:00",28.6,,,,,,2.7
903,6.4,,"B4","B4","11/15/01 00:00:00",31.4,,,,,,3.2
904,8.460000000000001,,"Mesa","AZ Canal at Mesa Dr.","11/15/01 00:00:00",25.7,,,,,,2.6
905,12.94,,"Pima","AZ Canal at Pima Rd.","11/15/01 00:00:00",23.8,,,,,,2.4
906,16.88,,"Scotts","AZ Canal at Scottsdale Rd.","11/15/01 00:00:00",22,,,,,,3
907,18.7,,"R22","AZ Canal - 56th St. (Alma School Road)","11/15/01 00:00:00",,,,,,,
908,21.11,,"44th St.","AZ Canal at 44th Street","11/15/01 00:00:00",27.5,,,,,,3.5
909,,,"32nd St.","AZ Canal at 32nd Street","11/15/01 00:00:00",,,,,,,
910,24.06,0,"24th St.","24th St.","11/15/01 00:00:00",28.1,,,,,,4.3
911,,,"R14","AZ Canal - Inlet to Squaw Peak WTP","11/15/01 00:00:00",28.1,,,,,,4.3
912,,,"R15","Squaw Peak WTP treated water","11/15/01 00:00:00",8.1,,,,,,0
913,25.76,1.7,"16th St.","AZ Canal at 16th Street","11/15/01 00:00:00",32.5,,,,,,3.8
914,27.06,3,"Northern","AZ Canal at Northern Avenue","11/15/01 00:00:00",29.9,,,,,,3.1
915,28.16,4.1,"R21","AZ Canal at Central Av.","11/15/01 00:00:00",28.3,,,,,,3.4
916,29.66,5.6,"19th Av.","AZ Canal at 19th Av.","11/15/01 00:00:00",54.8,,,,,,3
917,,,"25th Av.","25th Av.","11/15/01 00:00:00",,,,,,,
918,31,7,"29th Av.","29th Av.","11/15/01 00:00:00",74,,,,,,3.2
919,,,"R16","AZ Canal - Inlet to Deer Valley WTP","11/15/01 00:00:00",74,,,,,,3.2
920,,,"R17","Deer Valley WTP treated water","11/15/01 00:00:00",,,,,,,
921,34.66,10.5,"51st Av.","51st Av.","11/15/01 00:00:00",61.5,,,,,,2.9
922,37,13.2,"67th Av.","67th Av.","11/15/01 00:00:00",66.40000000000001,,,,,,2.9
923,,,"Little Harq p.p.","Little Harq p.p.","11/15/01 00:00:00",6.3,,,,,,9
924,,,"Havasu p.p.","Havasu p.p.","11/15/01 00:00:00",0,,,,,,0
925,,,"R4","CAP at 7th ST","11/21/01 00:00:00",6.1,,,,,,7.2
926,,,"R18","South Canal at Val Vista WTP","11/21/01 00:00:00",,,,,,,
927,,,"R19","Val Vista WTP treated water","11/21/01 00:00:00",,,,,,,
928,,,"R10","Salt River below Saguaro Lake","11/21/01 00:00:00",,,,,,,
929,,,"R11","CAP Canal at cross-connect","11/21/01 00:00:00",,,,,,,
930,0,,"R12","AZ Canal above CAP cross-connect","11/21/01 00:00:00",6.9,,,,,,0
931,0.5,,"R13","AZ Canal below CAP cross-connect","11/21/01 00:00:00",8.5,,,,,,2.3
932,4,,"Hwy 87","AZ Canal at Highway 87","11/21/01 00:00:00",9.800000000000001,,,,,,2
933,1.2,,"B1","B1","11/21/01 00:00:00",,,,,,,
934,2.4,,"B2","B2","11/21/01 00:00:00",10.2,,,,,,2.3
935,5.2,,"B3","B3","11/21/01 00:00:00",16.5,,,,,,2.6
936,6.4,,"B4","B4","11/21/01 00:00:00",15.6,,,,,,3.3
937,8.460000000000001,,"Mesa","AZ Canal at Mesa Dr.","11/21/01 00:00:00",19.6,,,,,,3.2
938,12.94,,"Pima","AZ Canal at Pima Rd.","11/21/01 00:00:00",15.6,,,,,,3.5
939,16.88,,"Scotts","AZ Canal at Scottsdale Rd.","11/21/01 00:00:00",17.9,,,,,,3.7
940,18.7,,"R22","AZ Canal - 56th St. (Alma School Road)","11/21/01 00:00:00",,,,,,,
941,21.11,,"44th St.","AZ Canal at 44th Street","11/21/01 00:00:00",20.9,,,,,,4.2
942,,,"32nd St.","AZ Canal at 32nd Street","11/21/01 00:00:00",,,,,,,
943,24.06,0,"24th St.","24th St.","11/21/01 00:00:00",22.9,,,,,,4.2
944,,,"R14","AZ Canal - Inlet to Squaw Peak WTP","11/21/01 00:00:00",22.9,,,,,,4.2
945,,,"R15","Squaw Peak WTP treated water","11/21/01 00:00:00",9.4,,,,,,0
946,25.76,1.7,"16th St.","AZ Canal at 16th Street","11/21/01 00:00:00",23.1,,,,,,4.5
947,27.06,3,"Northern","AZ Canal at Northern Avenue","11/21/01 00:00:00",21.6,,,,,,4.2
948,28.16,4.1,"R21","AZ Canal at Central Av.","11/21/01 00:00:00",24.5,,,,,,4.1
949,29.66,5.6,"19th Av.","AZ Canal at 19th Av.","11/21/01 00:00:00",30.8,,,,,,3.5
950,,,"25th Av.","25th Av.","11/21/01 00:00:00",,,,,,,
951,31,7,"29th Av.","29th Av.","11/21/01 00:00:00",61.3,,,,,,4.5
952,,,"R16","AZ Canal - Inlet to Deer Valley WTP","11/21/01 00:00:00",61.3,,,,,,4.5
953,,,"R17","Deer Valley WTP treated water","11/21/01 00:00:00",,,,,,,
954,34.66,10.5,"51st Av.","51st Av.","11/21/01 00:00:00",53.7,,,,,,4.3
955,37,13.2,"67th Av.","67th Av.","11/21/01 00:00:00",57.1,,,,,,4.3
956,,,"Little Harq p.p.","Little Harq p.p.","11/21/01 00:00:00",,,,,,,
957,,,"Havasu p.p.","Havasu p.p.","11/21/01 00:00:00",,,,,,,
958,,,"R4","CAP at 7th ST","11/29/01 00:00:00",2.6,,,,,,4.2
959,,,"R18","South Canal at Val Vista WTP","11/29/01 00:00:00",5.5,,,,,,2.1
960,,,"R19","Val Vista WTP treated water","11/29/01 00:00:00",2.9,,,,,,0
961,,,"R10","Salt River below Saguaro Lake","11/29/01 00:00:00",,,,,,,
962,,,"R11","CAP Canal at cross-connect","11/29/01 00:00:00",,,,,,,
963,0,,"R12","AZ Canal above CAP cross-connect","11/29/01 00:00:00",6.2,,,,,,0
964,0.5,,"R13","AZ Canal below CAP cross-connect","11/29/01 00:00:00",6.6,,,,,,0
965,4,,"Hwy 87","AZ Canal at Highway 87","11/29/01 00:00:00",12.9,,,,,,2.7
966,1.2,,"B1","B1","11/29/01 00:00:00",,,,,,,
967,2.4,,"B2","B2","11/29/01 00:00:00",6.5,,,,,,2.2
968,5.2,,"B3","B3","11/29/01 00:00:00",14.2,,,,,,4
969,6.4,,"B4","B4","11/29/01 00:00:00",10.1,,,,,,3.8
970,8.460000000000001,,"Mesa","AZ Canal at Mesa Dr.","11/29/01 00:00:00",14.6,,,,,,2.5
971,12.94,,"Pima","AZ Canal at Pima Rd.","11/29/01 00:00:00",17,,,,,,3.1
972,16.88,,"Scotts","AZ Canal at Scottsdale Rd.","11/29/01 00:00:00",12,,,,,,2.6
973,18.7,,"R22","AZ Canal - 56th St. (Alma School Road)","11/29/01 00:00:00",,,,,,,
974,21.11,,"44th St.","AZ Canal at 44th Street","11/29/01 00:00:00",13.1,,,,,,3.6
975,,,"32nd St.","AZ Canal at 32nd Street","11/29/01 00:00:00",,,,,,,
976,24.06,0,"24th St.","24th St.","11/29/01 00:00:00",15.5,,,,,,4.4
977,,,"R14","AZ Canal - Inlet to Squaw Peak WTP","11/29/01 00:00:00",15.5,,,,,,4.4
978,,,"R15","Squaw Peak WTP treated water","11/29/01 00:00:00",3.5,,,,,,0
979,25.76,1.7,"16th St.","AZ Canal at 16th Street","11/29/01 00:00:00",12.9,,,,,,3.6
980,27.06,3,"Northern","AZ Canal at Northern Avenue","11/29/01 00:00:00",11.7,,,,,,2.8
981,28.16,4.1,"R21","AZ Canal at Central Av.","11/29/01 00:00:00",10.2,,,,,,2.7
982,29.66,5.6,"19th Av.","AZ Canal at 19th Av.","11/29/01 00:00:00",26.4,,,,,,3.6
983,,,"25th Av.","25th Av.","11/29/01 00:00:00",,,,,,,
984,31,7,"29th Av.","29th Av.","11/29/01 00:00:00",41,,,,,,3.2
985,,,"R16","AZ Canal - Inlet to Deer Valley WTP","11/29/01 00:00:00",41,,,,,,3.2
986,,,"R17","Deer Valley WTP treated water","11/29/01 00:00:00",,,,,,,
987,34.66,10.5,"51st Av.","51st Av.","11/29/01 00:00:00",38.1,,,,,,3.1
988,37,13.2,"67th Av.","67th Av.","11/29/01 00:00:00",73.2,,,,,,2.8
989,,,"Little Harq p.p.","Little Harq p.p.","11/29/01 00:00:00",,,,,,,
990,,,"Havasu p.p.","Havasu p.p.","11/29/01 00:00:00",,,,,,,
991,,,"R4","CAP at 7th ST","12/13/01 00:00:00",0,,,,,,0
992,,,"R18","South Canal at Val Vista WTP","12/13/01 00:00:00",6.6,,,,,,3.6
993,,,"R19","Val Vista WTP treated water","12/13/01 00:00:00",0,,,,,,0
994,,,"R10","Salt River below Saguaro Lake","12/13/01 00:00:00",4.8,,,,,,18.9
995,,,"R11","CAP Canal at cross-connect","12/13/01 00:00:00",2.9,,,,,,21.7
996,0,,"R12","AZ Canal above CAP cross-connect","12/13/01 00:00:00",7.2,,,,,,0
997,0.5,,"R13","AZ Canal below CAP cross-connect","12/13/01 00:00:00",0,,,,,,0
998,4,,"Hwy 87","AZ Canal at Highway 87","12/13/01 00:00:00",,,,,,,
999,1.2,,"B1","B1","12/13/01 00:00:00",,,,,,,
1000,2.4,,"B2","B2","12/13/01 00:00:00",,,,,,,
1001,5.2,,"B3","B3","12/13/01 00:00:00",,,,,,,
1002,6.4,,"B4","B4","12/13/01 00:00:00",,,,,,,
1003,8.460000000000001,,"Mesa","AZ Canal at Mesa Dr.","12/13/01 00:00:00",,,,,,,
1004,12.94,,"Pima","AZ Canal at Pima Rd.","12/13/01 00:00:00",,,,,,,
1005,16.88,,"Scotts","AZ Canal at Scottsdale Rd.","12/13/01 00:00:00",,,,,,,
1006,18.7,,"R22","AZ Canal - 56th St. (Alma School Road)","12/13/01 00:00:00",,,,,,,
1007,21.11,,"44th St.","AZ Canal at 44th Street","12/13/01 00:00:00",,,,,,,
1008,,,"32nd St.","AZ Canal at 32nd Street","12/13/01 00:00:00",,,,,,,
1009,24.06,0,"24th St.","24th St.","12/13/01 00:00:00",13.9,,,,,,3.6
1010,,,"R14","AZ Canal - Inlet to Squaw Peak WTP","12/13/01 00:00:00",13.9,,,,,,3.6
1011,,,"R15","Squaw Peak WTP treated water","12/13/01 00:00:00",7.2,,,,,,1.5
1012,25.76,1.7,"16th St.","AZ Canal at 16th Street","12/13/01 00:00:00",,,,,,,
1013,27.06,3,"Northern","AZ Canal at Northern Avenue","12/13/01 00:00:00",,,,,,,
1014,28.16,4.1,"R21","AZ Canal at Central Av.","12/13/01 00:00:00",0,,,,,,0
1015,29.66,5.6,"19th Av.","AZ Canal at 19th Av.","12/13/01 00:00:00",,,,,,,
1016,,,"25th Av.","25th Av.","12/13/01 00:00:00",,,,,,,
1017,31,7,"29th Av.","29th Av.","12/13/01 00:00:00",30.2,,,,,,2.6
1018,,,"R16","AZ Canal - Inlet to Deer Valley WTP","12/13/01 00:00:00",30.2,,,,,,2.6
1019,,,"R17","Deer Valley WTP treated water","12/13/01 00:00:00",,,,,,,
1020,34.66,10.5,"51st Av.","51st Av.","12/13/01 00:00:00",,,,,,,
1021,37,13.2,"67th Av.","67th Av.","12/13/01 00:00:00",,,,,,,
1022,,,"Little Harq p.p.","Little Harq p.p.","12/13/01 00:00:00",,,,,,,
1023,,,"Havasu p.p.","Havasu p.p.","12/13/01 00:00:00",,,,,,,
1024,,,"R4","CAP at 7th ST","12/19/01 00:00:00",,,,,,,
1025,,,"R18","South Canal at Val Vista WTP","12/19/01 00:00:00",,,,,,,
1026,,,"R19","Val Vista WTP treated water","12/19/01 00:00:00",,,,,,,
1027,,,"R10","Salt River below Saguaro Lake","12/19/01 00:00:00",,,,,,,
1028,,,"R11","CAP Canal at cross-connect","12/19/01 00:00:00",,,,,,,
1029,0,,"R12","AZ Canal above CAP cross-connect","12/19/01 00:00:00",,,,,,,
1030,0.5,,"R13","AZ Canal below CAP cross-connect","12/19/01 00:00:00",,,,,,,
1031,4,,"Hwy 87","AZ Canal at Highway 87","12/19/01 00:00:00",,,,,,,
1032,1.2,,"B1","B1","12/19/01 00:00:00",,,,,,,
1033,2.4,,"B2","B2","12/19/01 00:00:00",,,,,,,
1034,5.2,,"B3","B3","12/19/01 00:00:00",,,,,,,
1035,6.4,,"B4","B4","12/19/01 00:00:00",,,,,,,
1036,8.460000000000001,,"Mesa","AZ Canal at Mesa Dr.","12/19/01 00:00:00",,,,,,,
1037,12.94,,"Pima","AZ Canal at Pima Rd.","12/19/01 00:00:00",,,,,,,
1038,16.88,,"Scotts","AZ Canal at Scottsdale Rd.","12/19/01 00:00:00",,,,,,,
1039,18.7,,"R22","AZ Canal - 56th St. (Alma School Road)","12/19/01 00:00:00",,,,,,,
1040,21.11,,"44th St.","AZ Canal at 44th Street","12/19/01 00:00:00",,,,,,,
1041,,,"32nd St.","AZ Canal at 32nd Street","12/19/01 00:00:00",,,,,,,
1042,24.06,0,"24th St.","24th St.","12/19/01 00:00:00",,,,,,,
1043,,,"R14","AZ Canal - Inlet to Squaw Peak WTP","12/19/01 00:00:00",,,,,,,
1044,,,"R15","Squaw Peak WTP treated water","12/19/01 00:00:00",,,,,,,
1045,25.76,1.7,"16th St.","AZ Canal at 16th Street","12/19/01 00:00:00",,,,,,,
1046,27.06,3,"Northern","AZ Canal at Northern Avenue","12/19/01 00:00:00",,,,,,,
1047,28.16,4.1,"R21","AZ Canal at Central Av.","12/19/01 00:00:00",,,,,,,
1048,29.66,5.6,"19th Av.","AZ Canal at 19th Av.","12/19/01 00:00:00",,,,,,,
1049,,,"25th Av.","25th Av.","12/19/01 00:00:00",,,,,,,
1050,31,7,"29th Av.","29th Av.","12/19/01 00:00:00",,,,,,,
1051,,,"R16","AZ Canal - Inlet to Deer Valley WTP","12/19/01 00:00:00",,,,,,,
1052,,,"R17","Deer Valley WTP treated water","12/19/01 00:00:00",,,,,,,
1053,34.66,10.5,"51st Av.","51st Av.","12/19/01 00:00:00",,,,,,,
1054,37,13.2,"67th Av.","67th Av.","12/19/01 00:00:00",,,,,,,
1055,,,"Little Harq p.p.","Little Harq p.p.","12/19/01 00:00:00",0,,,,,,2.1
1056,,,"Havasu p.p.","Havasu p.p.","12/19/01 00:00:00",0,,,,,,0
1057,,,"R4","CAP at 7th ST","01/17/02 00:00:00",0,,,,,,6.7
1058,,,"R18","South Canal at Val Vista WTP","01/17/02 00:00:00",8.800000000000001,,,,,,4.2
1059,,,"R19","Val Vista WTP treated water","01/17/02 00:00:00",5.3,,,,,,2.6
1060,,,"R10","Salt River below Saguaro Lake","01/17/02 00:00:00",0,,,,,,0
1061,,,"R11","CAP Canal at cross-connect","01/17/02 00:00:00",0,,,,,,9
1062,0,,"R12","AZ Canal above CAP cross-connect","01/17/02 00:00:00",28.5,,,,,,10.4
1063,0.5,,"R13","AZ Canal below CAP cross-connect","01/17/02 00:00:00",27,,,,,,8.5
1064,4,,"Hwy 87","AZ Canal at Highway 87","01/17/02 00:00:00",,,,,,,
1065,1.2,,"B1","B1","01/17/02 00:00:00",,,,,,,
1066,2.4,,"B2","B2","01/17/02 00:00:00",,,,,,,
1067,5.2,,"B3","B3","01/17/02 00:00:00",,,,,,,
1068,6.4,,"B4","B4","01/17/02 00:00:00",,,,,,,
1069,8.460000000000001,,"Mesa","AZ Canal at Mesa Dr.","01/17/02 00:00:00",,,,,,,
1070,12.94,,"Pima","AZ Canal at Pima Rd.","01/17/02 00:00:00",,,,,,,
1071,16.88,,"Scotts","AZ Canal at Scottsdale Rd.","01/17/02 00:00:00",,,,,,,
1072,18.7,,"R22","AZ Canal - 56th St. (Alma School Road)","01/17/02 00:00:00",52.8,,,,,,12.1
1073,21.11,,"44th St.","AZ Canal at 44th Street","01/17/02 00:00:00",,,,,,,
1074,,,"32nd St.","AZ Canal at 32nd Street","01/17/02 00:00:00",,,,,,,
1075,24.06,0,"24th St.","24th St.","01/17/02 00:00:00",2.9,,,,,,8.199999999999999
1076,,,"R14","AZ Canal - Inlet to Squaw Peak WTP","01/17/02 00:00:00",2.9,,,,,,8.199999999999999
1077,,,"R15","Squaw Peak WTP treated water","01/17/02 00:00:00",,,,,,,
1078,25.76,1.7,"16th St.","AZ Canal at 16th Street","01/17/02 00:00:00",,,,,,,
1079,27.06,3,"Northern","AZ Canal at Northern Avenue","01/17/02 00:00:00",,,,,,,
1080,28.16,4.1,"R21","AZ Canal at Central Av.","01/17/02 00:00:00",6.7,,,,,,2.1
1081,29.66,5.6,"19th Av.","AZ Canal at 19th Av.","01/17/02 00:00:00",,,,,,,
1082,,,"25th Av.","25th Av.","01/17/02 00:00:00",,,,,,,
1083,31,7,"29th Av.","29th Av.","01/17/02 00:00:00",290,,,,,,2.1
1084,,,"R16","AZ Canal - Inlet to Deer Valley WTP","01/17/02 00:00:00",290,,,,,,2.1
1085,,,"R17","Deer Valley WTP treated water","01/17/02 00:00:00",,,,,,,
1086,34.66,10.5,"51st Av.","51st Av.","01/17/02 00:00:00",,,,,,,
1087,37,13.2,"67th Av.","67th Av.","01/17/02 00:00:00",,,,,,,
1088,,,"Little Harq p.p.","Little Harq p.p.","01/17/02 00:00:00",0,,,,,,0
1089,,,"Havasu p.p.","Havasu p.p.","01/17/02 00:00:00",0,,,,,,3.6
1090,,,"R4","CAP at 7th ST","01/25/02 00:00:00",,,,,,,
1091,,,"R18","South Canal at Val Vista WTP","01/25/02 00:00:00",,,,,,,
1092,,,"R19","Val Vista WTP treated water","01/25/02 00:00:00",,,,,,,
1093,,,"R10","Salt River below Saguaro Lake","01/25/02 00:00:00",,,,,,,
1094,,,"R11","CAP Canal at cross-connect","01/25/02 00:00:00",,,,,,,
1095,0,,"R12","AZ Canal above CAP cross-connect","01/25/02 00:00:00",,,,,,,
1096,0.5,,"R13","AZ Canal below CAP cross-connect","01/25/02 00:00:00",,,,,,,
1097,4,,"Hwy 87","AZ Canal at Highway 87","01/25/02 00:00:00",,,,,,,
1098,1.2,,"B1","B1","01/25/02 00:00:00",,,,,,,
1099,2.4,,"B2","B2","01/25/02 00:00:00",,,,,,,
1100,5.2,,"B3","B3","01/25/02 00:00:00",,,,,,,
1101,6.4,,"B4","B4","01/25/02 00:00:00",,,,,,,
1102,8.460000000000001,,"Mesa","AZ Canal at Mesa Dr.","01/25/02 00:00:00",,,,,,,
1103,12.94,,"Pima","AZ Canal at Pima Rd.","01/25/02 00:00:00",34.6,,,,,,5.6
1104,16.88,,"Scotts","AZ Canal at Scottsdale Rd.","01/25/02 00:00:00",244,,,,,,6.9
1105,18.7,,"R22","AZ Canal - 56th St. (Alma School Road)","01/25/02 00:00:00",,,,,,,
1106,21.11,,"44th St.","AZ Canal at 44th Street","01/25/02 00:00:00",,,,,,,
1107,,,"32nd St.","AZ Canal at 32nd Street","01/25/02 00:00:00",,,,,,,
1108,24.06,0,"24th St.","24th St.","01/25/02 00:00:00",3.3,,,,,,6.8
1109,,,"R14","AZ Canal - Inlet to Squaw Peak WTP","01/25/02 00:00:00",3.3,,,,,,6.8
1110,,,"R15","Squaw Peak WTP treated water","01/25/02 00:00:00",,,,,,,
1111,25.76,1.7,"16th St.","AZ Canal at 16th Street","01/25/02 00:00:00",6.1,,,,,,2.1
1112,27.06,3,"Northern","AZ Canal at Northern Avenue","01/25/02 00:00:00",8.6,,,,,,0
1113,28.16,4.1,"R21","AZ Canal at Central Av.","01/25/02 00:00:00",,,,,,,
1114,29.66,5.6,"19th Av.","AZ Canal at 19th Av.","01/25/02 00:00:00",250,,,,,,0
1115,,,"25th Av.","25th Av.","01/25/02 00:00:00",,,,,,,
1116,31,7,"29th Av.","29th Av.","01/25/02 00:00:00",469,,,,,,0
1117,,,"R16","AZ Canal - Inlet to Deer Valley WTP","01/25/02 00:00:00",469,,,,,,0
1118,,,"R17","Deer Valley WTP treated water","01/25/02 00:00:00",,,,,,,
1119,34.66,10.5,"51st Av.","51st Av.","01/25/02 00:00:00",,,,,,,
1120,37,13.2,"67th Av.","67th Av.","01/25/02 00:00:00",,,,,,,
1121,,,"Little Harq p.p.","Little Harq p.p.","01/25/02 00:00:00",,,,,,,
1122,,,"Havasu p.p.","Havasu p.p.","01/25/02 00:00:00",,,,,,,
1123,,,"R4","CAP at 7th ST","01/31/02 00:00:00",,,,,,,
1124,,,"R18","South Canal at Val Vista WTP","01/31/02 00:00:00",4.9,,,,,,4.8
1125,,,"R19","Val Vista WTP treated water","01/31/02 00:00:00",,,,,,,
1126,,,"R10","Salt River below Saguaro Lake","01/31/02 00:00:00",,,,,,,
1127,,,"R11","CAP Canal at cross-connect","01/31/02 00:00:00",,,,,,,
1128,0,,"R12","AZ Canal above CAP cross-connect","01/31/02 00:00:00",11.1,,,,,,2.4
1129,0.5,,"R13","AZ Canal below CAP cross-connect","01/31/02 00:00:00",,,,,,,
1130,4,,"Hwy 87","AZ Canal at Highway 87","01/31/02 00:00:00",19.4,,,,,,5.2
1131,1.2,,"B1","B1","01/31/02 00:00:00",,,,,,,
1132,2.4,,"B2","B2","01/31/02 00:00:00",,,,,,,
1133,5.2,,"B3","B3","01/31/02 00:00:00",,,,,,,
1134,6.4,,"B4","B4","01/31/02 00:00:00",,,,,,,
1135,8.460000000000001,,"Mesa","AZ Canal at Mesa Dr.","01/31/02 00:00:00",,,,,,,
1136,12.94,,"Pima","AZ Canal at Pima Rd.","01/31/02 00:00:00",49.5,,,,,,5.8
1137,16.88,,"Scotts","AZ Canal at Scottsdale Rd.","01/31/02 00:00:00",191,,,,,,6.3
1138,18.7,,"R22","AZ Canal - 56th St. (Alma School Road)","01/31/02 00:00:00",60.9,,,,,,25.7
1139,21.11,,"44th St.","AZ Canal at 44th Street","01/31/02 00:00:00",,,,,,,
1140,,,"32nd St.","AZ Canal at 32nd Street","01/31/02 00:00:00",,,,,,,
1141,24.06,0,"24th St.","24th St.","01/31/02 00:00:00",4.9,,,,,,8.300000000000001
1142,,,"R14","AZ Canal - Inlet to Squaw Peak WTP","01/31/02 00:00:00",4.9,,,,,,8.300000000000001
1143,,,"R15","Squaw Peak WTP treated water","01/31/02 00:00:00",,,,,,,
1144,25.76,1.7,"16th St.","AZ Canal at 16th Street","01/31/02 00:00:00",0,,,,,,0
1145,27.06,3,"Northern","AZ Canal at Northern Avenue","01/31/02 00:00:00",6.8,,,,,,0
1146,28.16,4.1,"R21","AZ Canal at Central Av.","01/31/02 00:00:00",4.6,,,,,,0
1147,29.66,5.6,"19th Av.","AZ Canal at 19th Av.","01/31/02 00:00:00",155,,,,,,0
1148,,,"25th Av.","25th Av.","01/31/02 00:00:00",,,,,,,
1149,31,7,"29th Av.","29th Av.","01/31/02 00:00:00",230,,,,,,0
1150,,,"R16","AZ Canal - Inlet to Deer Valley WTP","01/31/02 00:00:00",230,,,,,,0
1151,,,"R17","Deer Valley WTP treated water","01/31/02 00:00:00",,,,,,,
1152,34.66,10.5,"51st Av.","51st Av.","01/31/02 00:00:00",,,,,,,
1153,37,13.2,"67th Av.","67th Av.","01/31/02 00:00:00",,,,,,,
1154,,,"Little Harq p.p.","Little Harq p.p.","01/31/02 00:00:00",,,,,,,
1155,,,"Havasu p.p.","Havasu p.p.","01/31/02 00:00:00",,,,,,,
1156,,,"R4","CAP at 7th ST","02/07/02 00:00:00",,,,,,,
1157,,,"R18","South Canal at Val Vista WTP","02/07/02 00:00:00",,,,,,,
1158,,,"R19","Val Vista WTP treated water","02/07/02 00:00:00",,,,,,,
1159,,,"R10","Salt River below Saguaro Lake","02/07/02 00:00:00",,,,,,,
1160,,,"R11","CAP Canal at cross-connect","02/07/02 00:00:00",,,,,,,
1161,0,,"R12","AZ Canal above CAP cross-connect","02/07/02 00:00:00",,,,,,,
1162,0.5,,"R13","AZ Canal below CAP cross-connect","02/07/02 00:00:00",,,,,,,
1163,4,,"Hwy 87","AZ Canal at Highway 87","02/07/02 00:00:00",2.1,,,,,,0
1164,1.2,,"B1","B1","02/07/02 00:00:00",,,,,,,
1165,2.4,,"B2","B2","02/07/02 00:00:00",,,,,,,
1166,5.2,,"B3","B3","02/07/02 00:00:00",,,,,,,
1167,6.4,,"B4","B4","02/07/02 00:00:00",,,,,,,
1168,8.460000000000001,,"Mesa","AZ Canal at Mesa Dr.","02/07/02 00:00:00",,,,,,,
1169,12.94,,"Pima","AZ Canal at Pima Rd.","02/07/02 00:00:00",4.4,,,,,,2
1170,16.88,,"Scotts","AZ Canal at Scottsdale Rd.","02/07/02 00:00:00",13.7,,,,,,3
1171,18.7,,"R22","AZ Canal - 56th St. (Alma School Road)","02/07/02 00:00:00",18.9,,,,,,3.1
1172,21.11,,"44th St.","AZ Canal at 44th Street","02/07/02 00:00:00",,,,,,,
1173,,,"32nd St.","AZ Canal at 32nd Street","02/07/02 00:00:00",,,,,,,
1174,24.06,0,"24th St.","24th St.","02/07/02 00:00:00",22.3,,,,,,4
1175,,,"R14","AZ Canal - Inlet to Squaw Peak WTP","02/07/02 00:00:00",22.3,,,,,,4
1176,,,"R15","Squaw Peak WTP treated water","02/07/02 00:00:00",,,,,,,
1177,25.76,1.7,"16th St.","AZ Canal at 16th Street","02/07/02 00:00:00",17.7,,,,,,3.2
1178,27.06,3,"Northern","AZ Canal at Northern Avenue","02/07/02 00:00:00",19.8,,,,,,3.5
1179,28.16,4.1,"R21","AZ Canal at Central Av.","02/07/02 00:00:00",20.4,,,,,,3.6
1180,29.66,5.6,"19th Av.","AZ Canal at 19th Av.","02/07/02 00:00:00",26.5,,,,,,4.4
1181,,,"25th Av.","25th Av.","02/07/02 00:00:00",25.2,,,,,,4.2
1182,31,7,"29th Av.","29th Av.","02/07/02 00:00:00",24.8,,,,,,4.3
1183,,,"R16","AZ Canal - Inlet to Deer Valley WTP","02/07/02 00:00:00",24.8,,,,,,4.3
1184,,,"R17","Deer Valley WTP treated water","02/07/02 00:00:00",0,,,,,,3.6
1185,34.66,10.5,"51st Av.","51st Av.","02/07/02 00:00:00",,,,,,,
1186,37,13.2,"67th Av.","67th Av.","02/07/02 00:00:00",,,,,,,
1187,,,"Little Harq p.p.","Little Harq p.p.","02/07/02 00:00:00",0,,,,,,0
1188,,,"Havasu p.p.","Havasu p.p.","02/07/02 00:00:00",0,,,,,,2.3
1189,,,"R4","CAP at 7th ST","02/14/02 00:00:00",,,,,,,
1190,,,"R18","South Canal at Val Vista WTP","02/14/02 00:00:00",,,,,,,
1191,,,"R19","Val Vista WTP treated water","02/14/02 00:00:00",,,,,,,
1192,,,"R10","Salt River below Saguaro Lake","02/14/02 00:00:00",,,,,,,
1193,,,"R11","CAP Canal at cross-connect","02/14/02 00:00:00",,,,,,,
1194,0,,"R12","AZ Canal above CAP cross-connect","02/14/02 00:00:00",,,,,,,
1195,0.5,,"R13","AZ Canal below CAP cross-connect","02/14/02 00:00:00",,,,,,,
1196,4,,"Hwy 87","AZ Canal at Highway 87","02/14/02 00:00:00",,2.2,,,,,
1197,1.2,,"B1","B1","02/14/02 00:00:00",,,,,,,
1198,2.4,,"B2","B2","02/14/02 00:00:00",,,,,,,
1199,5.2,,"B3","B3","02/14/02 00:00:00",,,,,,,
1200,6.4,,"B4","B4","02/14/02 00:00:00",,,,,,,
1201,8.460000000000001,,"Mesa","AZ Canal at Mesa Dr.","02/14/02 00:00:00",,1.9,,,,,
1202,12.94,,"Pima","AZ Canal at Pima Rd.","02/14/02 00:00:00",,1.5,,,,,
1203,16.88,,"Scotts","AZ Canal at Scottsdale Rd.","02/14/02 00:00:00",,1.5,,,,,
1204,18.7,,"R22","AZ Canal - 56th St. (Alma School Road)","02/14/02 00:00:00",,0.6,,,,,
1205,21.11,,"44th St.","AZ Canal at 44th Street","02/14/02 00:00:00",,,,,,,
1206,,,"32nd St.","AZ Canal at 32nd Street","02/14/02 00:00:00",,,,,,,
1207,24.06,0,"24th St.","24th St.","02/14/02 00:00:00",,2.2,,,,,
1208,,,"R14","AZ Canal - Inlet to Squaw Peak WTP","02/14/02 00:00:00",,,,,,,
1209,,,"R15","Squaw Peak WTP treated water","02/14/02 00:00:00",,,,,,,
1210,25.76,1.7,"16th St.","AZ Canal at 16th Street","02/14/02 00:00:00",,0.4,,,,,
1211,27.06,3,"Northern","AZ Canal at Northern Avenue","02/14/02 00:00:00",,,,,,,
1212,28.16,4.1,"R21","AZ Canal at Central Av.","02/14/02 00:00:00",,0.6,,,,,
1213,29.66,5.6,"19th Av.","AZ Canal at 19th Av.","02/14/02 00:00:00",,0.4,,,,,
1214,,,"25th Av.","25th Av.","02/14/02 00:00:00",,,,,,,
1215,31,7,"29th Av.","29th Av.","02/14/02 00:00:00",,0.5,,,,,
1216,,,"R16","AZ Canal - Inlet to Deer Valley WTP","02/14/02 00:00:00",,,,,,,
1217,,,"R17","Deer Valley WTP treated water","02/14/02 00:00:00",,,,,,,
1218,34.66,10.5,"51st Av.","51st Av.","02/14/02 00:00:00",,,,,,,
1219,37,13.2,"67th Av.","67th Av.","02/14/02 00:00:00",,,,,,,
1220,,,"Little Harq p.p.","Little Harq p.p.","02/14/02 00:00:00",,,,,,,
1221,,,"Havasu p.p.","Havasu p.p.","02/14/02 00:00:00",,,,,,,
1222,,,"R4","CAP at 7th ST","03/04/02 00:00:00",,,,,,,
1223,,,"R18","South Canal at Val Vista WTP","03/04/02 00:00:00",,,,,,,
1224,,,"R19","Val Vista WTP treated water","03/04/02 00:00:00",,,,,,,
1225,,,"R10","Salt River below Saguaro Lake","03/04/02 00:00:00",,,,,,,
1226,,,"R11","CAP Canal at cross-connect","03/04/02 00:00:00",,,,,,,
1227,0,,"R12","AZ Canal above CAP cross-connect","03/04/02 00:00:00",,,,,,,
1228,0.5,,"R13","AZ Canal below CAP cross-connect","03/04/02 00:00:00",,,,,,,
1229,4,,"Hwy 87","AZ Canal at Highway 87","03/04/02 00:00:00",,2.1,,,,,
1230,1.2,,"B1","B1","03/04/02 00:00:00",,,,,,,
1231,2.4,,"B2","B2","03/04/02 00:00:00",,,,,,,
1232,5.2,,"B3","B3","03/04/02 00:00:00",,,,,,,
1233,6.4,,"B4","B4","03/04/02 00:00:00",,,,,,,
1234,8.460000000000001,,"Mesa","AZ Canal at Mesa Dr.","03/04/02 00:00:00",,2.1,,,,,
1235,12.94,,"Pima","AZ Canal at Pima Rd.","03/04/02 00:00:00",,1.3,,,,,
1236,16.88,,"Scotts","AZ Canal at Scottsdale Rd.","03/04/02 00:00:00",,2.8,,,,,
1237,18.7,,"R22","AZ Canal - 56th St. (Alma School Road)","03/04/02 00:00:00",,0.8,,,,,
1238,21.11,,"44th St.","AZ Canal at 44th Street","03/04/02 00:00:00",,,,,,,
1239,,,"32nd St.","AZ Canal at 32nd Street","03/04/02 00:00:00",,,,,,,
1240,24.06,0,"24th St.","24th St.","03/04/02 00:00:00",,0.5,,,,,
1241,,,"R14","AZ Canal - Inlet to Squaw Peak WTP","03/04/02 00:00:00",,,,,,,
1242,,,"R15","Squaw Peak WTP treated water","03/04/02 00:00:00",,,,,,,
1243,25.76,1.7,"16th St.","AZ Canal at 16th Street","03/04/02 00:00:00",,2.2,,,,,
1244,27.06,3,"Northern","AZ Canal at Northern Avenue","03/04/02 00:00:00",,,,,,,
1245,28.16,4.1,"R21","AZ Canal at Central Av.","03/04/02 00:00:00",,1.2,,,,,
1246,29.66,5.6,"19th Av.","AZ Canal at 19th Av.","03/04/02 00:00:00",,0.2,,,,,
1247,,,"25th Av.","25th Av.","03/04/02 00:00:00",,,,,,,
1248,31,7,"29th Av.","29th Av.","03/04/02 00:00:00",,0.3,,,,,
1249,,,"R16","AZ Canal - Inlet to Deer Valley WTP","03/04/02 00:00:00",,,,,,,
1250,,,"R17","Deer Valley WTP treated water","03/04/02 00:00:00",,,,,,,
1251,34.66,10.5,"51st Av.","51st Av.","03/04/02 00:00:00",,,,,,,
1252,37,13.2,"67th Av.","67th Av.","03/04/02 00:00:00",,,,,,,
1253,,,"Little Harq p.p.","Little Harq p.p.","03/04/02 00:00:00",,,,,,,
1254,,,"Havasu p.p.","Havasu p.p.","03/04/02 00:00:00",,,,,,,
1255,,,"R4","CAP at 7th ST","03/13/02 00:00:00",,,,,,,
1256,,,"R18","South Canal at Val Vista WTP","03/13/02 00:00:00",,,,,,,
1257,,,"R19","Val Vista WTP treated water","03/13/02 00:00:00",,,,,,,
1258,,,"R10","Salt River below Saguaro Lake","03/13/02 00:00:00",,,,,,,
1259,,,"R11","CAP Canal at cross-connect","03/13/02 00:00:00",,,,,,,
1260,0,,"R12","AZ Canal above CAP cross-connect","03/13/02 00:00:00",,,,,,,
1261,0.5,,"R13","AZ Canal below CAP cross-connect","03/13/02 00:00:00",,,,,,,
1262,4,,"Hwy 87","AZ Canal at Highway 87","03/13/02 00:00:00",,7.6,0.4,0.3,9.6,6.1,
1263,1.2,,"B1","B1","03/13/02 00:00:00",,,,,,,
1264,2.4,,"B2","B2","03/13/02 00:00:00",,,,,,,
1265,5.2,,"B3","B3","03/13/02 00:00:00",,,,,,,
1266,6.4,,"B4","B4","03/13/02 00:00:00",,,,,,,
1267,8.460000000000001,,"Mesa","AZ Canal at Mesa Dr.","03/13/02 00:00:00",,1.4,0.4,0.3,11,6.1,
1268,12.94,,"Pima","AZ Canal at Pima Rd.","03/13/02 00:00:00",,2.5,0.4,0.3,18.6,5.4,
1269,16.88,,"Scotts","AZ Canal at Scottsdale Rd.","03/13/02 00:00:00",,5,0.4,0.3,15.5,5.6,
1270,18.7,,"R22","AZ Canal - 56th St. (Alma School Road)","03/13/02 00:00:00",,1.4,0.5,0.3,16.1,8.199999999999999,
1271,21.11,,"44th St.","AZ Canal at 44th Street","03/13/02 00:00:00",,,,,,,
1272,,,"32nd St.","AZ Canal at 32nd Street","03/13/02 00:00:00",,,,,,,
1273,24.06,0,"24th St.","24th St.","03/13/02 00:00:00",,0.9,0.4,0.3,21.7,8.5,
1274,,,"R14","AZ Canal - Inlet to Squaw Peak WTP","03/13/02 00:00:00",,,,,,,
1275,,,"R15","Squaw Peak WTP treated water","03/13/02 00:00:00",,,,,,,
1276,25.76,1.7,"16th St.","AZ Canal at 16th Street","03/13/02 00:00:00",,2.7,0.4,0.3,21.9,7.2,
1277,27.06,3,"Northern","AZ Canal at Northern Avenue","03/13/02 00:00:00",,,,,,,
1278,28.16,4.1,"R21","AZ Canal at Central Av.","03/13/02 00:00:00",,0.6,0.4,0.4,19.9,7.2,
1279,29.66,5.6,"19th Av.","AZ Canal at 19th Av.","03/13/02 00:00:00",,1.2,0.4,0.3,21.1,6.9,
1280,,,"25th Av.","25th Av.","03/13/02 00:00:00",,,,,,,
1281,31,7,"29th Av.","29th Av.","03/13/02 00:00:00",,1.4,0.6,0.5,15.2,2.6,
1282,,,"R16","AZ Canal - Inlet to Deer Valley WTP","03/13/02 00:00:00",,,,,,,
1283,,,"R17","Deer Valley WTP treated water","03/13/02 00:00:00",,,,,,,
1284,34.66,10.5,"51st Av.","51st Av.","03/13/02 00:00:00",,,,,,,
1285,37,13.2,"67th Av.","67th Av.","03/13/02 00:00:00",,,,,,,
1286,,,"Little Harq p.p.","Little Harq p.p.","03/13/02 00:00:00",,,,,,,
1287,,,"Havasu p.p.","Havasu p.p.","03/13/02 00:00:00",,,,,,,
1288,,,"R4","CAP at 7th ST","04/02/02 00:00:00",,,,,,,
1289,,,"R18","South Canal at Val Vista WTP","04/02/02 00:00:00",,,,,,,
1290,,,"R19","Val Vista WTP treated water","04/02/02 00:00:00",,,,,,,
1291,,,"R10","Salt River below Saguaro Lake","04/02/02 00:00:00",,,,,,,
1292,,,"R11","CAP Canal at cross-connect","04/02/02 00:00:00",,,,,,,
1293,0,,"R12","AZ Canal above CAP cross-connect","04/02/02 00:00:00",,,,,,,
1294,0.5,,"R13","AZ Canal below CAP cross-connect","04/02/02 00:00:00",,,,,,,
1295,4,,"Hwy 87","AZ Canal at Highway 87","04/02/02 00:00:00",8.6,5.5,,,,,6.4
1296,1.2,,"B1","B1","04/02/02 00:00:00",,,,,,,
1297,2.4,,"B2","B2","04/02/02 00:00:00",,,,,,,
1298,5.2,,"B3","B3","04/02/02 00:00:00",,,,,,,
1299,6.4,,"B4","B4","04/02/02 00:00:00",,,,,,,
1300,8.460000000000001,,"Mesa","AZ Canal at Mesa Dr.","04/02/02 00:00:00",8,0.9,,,,,5.3
1301,12.94,,"Pima","AZ Canal at Pima Rd.","04/02/02 00:00:00",6.7,1.7,,,,,4.6
1302,16.88,,"Scotts","AZ Canal at Scottsdale Rd.","04/02/02 00:00:00",6.3,0.7,,,,,4.7
1303,18.7,,"R22","AZ Canal - 56th St. (Alma School Road)","04/02/02 00:00:00",6.5,0.3,,,,,4.9
1304,21.11,,"44th St.","AZ Canal at 44th Street","04/02/02 00:00:00",,,,,,,
1305,,,"32nd St.","AZ Canal at 32nd Street","04/02/02 00:00:00",,,,,,,
1306,24.06,0,"24th St.","24th St.","04/02/02 00:00:00",7,0.6,,,,,4.5
1307,,,"R14","AZ Canal - Inlet to Squaw Peak WTP","04/02/02 00:00:00",,,,,,,
1308,,,"R15","Squaw Peak WTP treated water","04/02/02 00:00:00",,,,,,,
1309,25.76,1.7,"16th St.","AZ Canal at 16th Street","04/02/02 00:00:00",8.4,0.5,,,,,5.1
1310,27.06,3,"Northern","AZ Canal at Northern Avenue","04/02/02 00:00:00",,,,,,,
1311,28.16,4.1,"R21","AZ Canal at Central Av.","04/02/02 00:00:00",8.9,0.5,,,,,4.8
1312,29.66,5.6,"19th Av.","AZ Canal at 19th Av.","04/02/02 00:00:00",9.5,0.4,,,,,5.3
1313,,,"25th Av.","25th Av.","04/02/02 00:00:00",,,,,,,
1314,31,7,"29th Av.","29th Av.","04/02/02 00:00:00",10.3,1.9,,,,,4.8
1315,,,"R16","AZ Canal - Inlet to Deer Valley WTP","04/02/02 00:00:00",,,,,,,
1316,,,"R17","Deer Valley WTP treated water","04/02/02 00:00:00",,,,,,,
1317,34.66,10.5,"51st Av.","51st Av.","04/02/02 00:00:00",,,,,,,
1318,37,13.2,"67th Av.","67th Av.","04/02/02 00:00:00",,,,,,,
1319,,,"Little Harq p.p.","Little Harq p.p.","04/02/02 00:00:00",,,,,,,
1320,,,"Havasu p.p.","Havasu p.p.","04/02/02 00:00:00",,,,,,,
1321,,,"R4","CAP at 7th ST","04/18/02 00:00:00",,,,,,,
1322,,,"R18","South Canal at Val Vista WTP","04/18/02 00:00:00",,,,,,,
1323,,,"R19","Val Vista WTP treated water","04/18/02 00:00:00",,,,,,,
1324,,,"R10","Salt River below Saguaro Lake","04/18/02 00:00:00",,,,,,,
1325,,,"R11","CAP Canal at cross-connect","04/18/02 00:00:00",,,,,,,
1326,0,,"R12","AZ Canal above CAP cross-connect","04/18/02 00:00:00",,,,,,,
1327,0.5,,"R13","AZ Canal below CAP cross-connect","04/18/02 00:00:00",,,,,,,
1328,4,,"Hwy 87","AZ Canal at Highway 87","04/18/02 00:00:00",4.7,,,,,,2.5
1329,1.2,,"B1","B1","04/18/02 00:00:00",,,,,,,
1330,2.4,,"B2","B2","04/18/02 00:00:00",,,,,,,
1331,5.2,,"B3","B3","04/18/02 00:00:00",,,,,,,
1332,6.4,,"B4","B4","04/18/02 00:00:00",,,,,,,
1333,8.460000000000001,,"Mesa","AZ Canal at Mesa Dr.","04/18/02 00:00:00",6.9,,,,,,2.5
1334,12.94,,"Pima","AZ Canal at Pima Rd.","04/18/02 00:00:00",6,,,,,,2.6
1335,16.88,,"Scotts","AZ Canal at Scottsdale Rd.","04/18/02 00:00:00",4.5,,,,,,2.4
1336,18.7,,"R22","AZ Canal - 56th St. (Alma School Road)","04/18/02 00:00:00",6.1,,,,,,2.3
1337,21.11,,"44th St.","AZ Canal at 44th Street","04/18/02 00:00:00",,,,,,,
1338,,,"32nd St.","AZ Canal at 32nd Street","04/18/02 00:00:00",,,,,,,
1339,24.06,0,"24th St.","24th St.","04/18/02 00:00:00",4.9,,,,,,2.7
1340,,,"R14","AZ Canal - Inlet to Squaw Peak WTP","04/18/02 00:00:00",,,,,,,
1341,,,"R15","Squaw Peak WTP treated water","04/18/02 00:00:00",,,,,,,
1342,25.76,1.7,"16th St.","AZ Canal at 16th Street","04/18/02 00:00:00",5,,,,,,2.7
1343,27.06,3,"Northern","AZ Canal at Northern Avenue","04/18/02 00:00:00",,,,,,,
1344,28.16,4.1,"R21","AZ Canal at Central Av.","04/18/02 00:00:00",2.9,,,,,,2.5
1345,29.66,5.6,"19th Av.","AZ Canal at 19th Av.","04/18/02 00:00:00",5.1,,,,,,2.4
1346,,,"25th Av.","25th Av.","04/18/02 00:00:00",,,,,,,
1347,31,7,"29th Av.","29th Av.","04/18/02 00:00:00",6,,,,,,2.3
1348,,,"R16","AZ Canal - Inlet to Deer Valley WTP","04/18/02 00:00:00",,,,,,,
1349,,,"R17","Deer Valley WTP treated water","04/18/02 00:00:00",,,,,,,
1350,34.66,10.5,"51st Av.","51st Av.","04/18/02 00:00:00",,,,,,,
1351,37,13.2,"67th Av.","67th Av.","04/18/02 00:00:00",,,,,,,
1352,,,"Little Harq p.p.","Little Harq p.p.","04/18/02 00:00:00",,,,,,,
1353,,,"Havasu p.p.","Havasu p.p.","04/18/02 00:00:00",,,,,,,
